event,timestamp,button,finger,word
WORD_NEXT,1675353165063,None,None,Radio
TRIAL_START,1675353165064,None,None,None
CHAR_SELECTED,1675353168756,2,4,None
CHAR_SELECTED,1675353168895,3,4,None
CHAR_SELECTED,1675353169134,4,4,None
CHAR_SELECTED,1675353169919,5,4,None
CHAR_SELECTED,1675353170031,6,4,None
CHAR_SELECTED,1675353170304,7,4,None
CHAR_SELECTED,1675353171183,8,4,None
CHAR_SELECTED,1675353171291,9,4,None
CHAR_SELECTED,1675353171562,0,5,None
CHAR_SELECTED,1675353171783,9,5,None
CHAR_SELECTED,1675353171885,8,5,None
CHAR_SELECTED,1675353172109,7,5,None
CHAR_SELECTED,1675353172629,8,5,None
CHAR_SELECTED,1675353172704,9,5,None
CHAR_SELECTED,1675353172793,0,5,None
CHAR_SELECTED,1675353172920,A,4,None
CHAR_SELECTED,1675353173346,B,4,None
CHAR_SELECTED,1675353173414,C,4,None
CHAR_SELECTED,1675353173481,D,4,None
CHAR_SELECTED,1675353173581,E,3,None
CHAR_SELECTED,1675353173922,F,4,None
CHAR_SELECTED,1675353173977,G,4,None
CHAR_SELECTED,1675353174024,H,4,None
CHAR_SELECTED,1675353174088,I,2,None
CHAR_SELECTED,1675353174395,J,4,None
CHAR_SELECTED,1675353174468,K,3,None
CHAR_SELECTED,1675353174486,L,3,None
CHAR_SELECTED,1675353175091,M,4,None
CHAR_SELECTED,1675353175147,N,4,None
CHAR_SELECTED,1675353175751,O,4,None
CHAR_SELECTED,1675353175990,P,4,None
CHAR_SELECTED,1675353176359,Q,4,None
CHAR_SELECTED,1675353177442,R,4,None
CHAR_CLICKED,1675353181545,R,None,None
CHAR_SELECTED,1675353183796,Q,3,None
CHAR_SELECTED,1675353183840,P,3,None
CHAR_SELECTED,1675353183863,O,4,None
CHAR_SELECTED,1675353183907,N,4,None
CHAR_SELECTED,1675353185662,O,5,None
CHAR_SELECTED,1675353186233,P,4,None
CHAR_SELECTED,1675353186263,Q,3,None
CHAR_SELECTED,1675353186442,P,4,None
CHAR_SELECTED,1675353186460,O,4,None
CHAR_SELECTED,1675353186541,N,4,None
CHAR_SELECTED,1675353187140,M,3,None
CHAR_SELECTED,1675353187159,L,3,None
CHAR_SELECTED,1675353187201,K,4,None
CHAR_SELECTED,1675353187224,J,4,None
CHAR_SELECTED,1675353188356,I,4,None
CHAR_SELECTED,1675353188427,H,4,None
CHAR_SELECTED,1675353188461,G,4,None
CHAR_SELECTED,1675353188560,F,4,None
CHAR_SELECTED,1675353188966,E,4,None
CHAR_SELECTED,1675353188987,D,4,None
CHAR_SELECTED,1675353189060,C,4,None
CHAR_SELECTED,1675353189434,B,4,None
CHAR_SELECTED,1675353189492,A,4,None
CHAR_CLICKED,1675353192193,A,None,None
CHAR_SELECTED,1675353197877,B,4,None
CHAR_SELECTED,1675353197938,C,4,None
CHAR_SELECTED,1675353198682,D,4,None
CHAR_CLICKED,1675353201721,D,None,None
CHAR_SELECTED,1675353204797,E,4,None
CHAR_SELECTED,1675353204864,F,4,None
CHAR_SELECTED,1675353204898,G,4,None
CHAR_SELECTED,1675353204974,H,3,None
CHAR_SELECTED,1675353205697,I,4,None
CHAR_CLICKED,1675353207556,I,None,None
CHAR_SELECTED,1675353209499,J,4,None
CHAR_SELECTED,1675353209806,K,4,None
CHAR_SELECTED,1675353210000,L,4,None
CHAR_SELECTED,1675353210762,M,4,None
CHAR_SELECTED,1675353210840,N,4,None
CHAR_SELECTED,1675353211572,O,4,None
CHAR_CLICKED,1675353213353,O,None,None
CHAR_SELECTED,1675353214557,P,4,None
CHAR_SELECTED,1675353214590,Q,4,None
CHAR_SELECTED,1675353214614,R,4,None
CHAR_SELECTED,1675353214649,S,4,None
CHAR_SELECTED,1675353215220,T,4,None
CHAR_SELECTED,1675353215242,U,4,None
CHAR_SELECTED,1675353215308,V,3,None
CHAR_SELECTED,1675353215345,W,2,None
CHAR_SELECTED,1675353215610,X,4,None
CHAR_SELECTED,1675353215656,Y,4,None
CHAR_SELECTED,1675353215678,Z,3,None
CHAR_SELECTED,1675353215975,SPACE,4,None
CHAR_SELECTED,1675353216028,ENTER,4,None
CHAR_SELECTED,1675353216051,1,4,None
CHAR_SELECTED,1675353216608,ENTER,3,None
WORD_DONE,1675353218588,None,None,Radio
WORD_NEXT,1675353218588,None,None,Max Muster
CHAR_SELECTED,1675353220438,SPACE,4,None
CHAR_SELECTED,1675353220510,Z,4,None
CHAR_SELECTED,1675353220537,Y,4,None
CHAR_SELECTED,1675353220605,X,5,None
CHAR_SELECTED,1675353221572,W,4,None
CHAR_SELECTED,1675353221612,V,4,None
CHAR_SELECTED,1675353221635,U,4,None
CHAR_SELECTED,1675353221670,T,3,None
CHAR_SELECTED,1675353222035,S,4,None
CHAR_SELECTED,1675353222385,R,3,None
CHAR_SELECTED,1675353222438,Q,4,None
CHAR_SELECTED,1675353222471,P,3,None
CHAR_SELECTED,1675353222880,O,3,None
CHAR_SELECTED,1675353222899,N,4,None
CHAR_SELECTED,1675353222952,M,4,None
CHAR_CLICKED,1675353228334,M,None,None
CHAR_SELECTED,1675353232522,L,4,None
CHAR_SELECTED,1675353232591,K,4,None
CHAR_SELECTED,1675353234326,J,5,None
CHAR_SELECTED,1675353234382,I,5,None
CHAR_SELECTED,1675353235026,H,4,None
CHAR_SELECTED,1675353235883,G,4,None
CHAR_SELECTED,1675353235980,F,4,None
CHAR_SELECTED,1675353236410,E,4,None
CHAR_SELECTED,1675353236706,D,3,None
CHAR_SELECTED,1675353236762,C,4,None
CHAR_SELECTED,1675353236791,B,4,None
CHAR_SELECTED,1675353236805,A,4,None
CHAR_CLICKED,1675353239353,A,None,None
CHAR_SELECTED,1675353241180,B,4,None
CHAR_SELECTED,1675353241254,C,4,None
CHAR_SELECTED,1675353241270,D,4,None
CHAR_SELECTED,1675353241302,E,3,None
CHAR_SELECTED,1675353241771,F,4,None
CHAR_SELECTED,1675353241804,G,4,None
CHAR_SELECTED,1675353241831,H,4,None
CHAR_SELECTED,1675353241903,I,2,None
CHAR_SELECTED,1675353242210,J,4,None
CHAR_SELECTED,1675353242285,K,4,None
CHAR_SELECTED,1675353242299,L,3,None
CHAR_SELECTED,1675353242511,M,2,None
CHAR_SELECTED,1675353242535,N,3,None
CHAR_SELECTED,1675353242609,O,3,None
CHAR_SELECTED,1675353242631,P,4,None
CHAR_SELECTED,1675353242807,Q,2,None
CHAR_SELECTED,1675353242872,R,4,None
CHAR_SELECTED,1675353242906,S,3,None
CHAR_SELECTED,1675353242938,T,2,None
CHAR_SELECTED,1675353243104,U,2,None
CHAR_SELECTED,1675353243172,V,4,None
CHAR_SELECTED,1675353243204,W,4,None
CHAR_SELECTED,1675353243939,X,4,None
CHAR_CLICKED,1675353246252,X,None,None
CHAR_SELECTED,1675353248327,Y,4,None
CHAR_SELECTED,1675353248356,Z,5,None
CHAR_SELECTED,1675353248998,SPACE,4,None
CHAR_CLICKED,1675353250297,SPACE,None,None
CHAR_SELECTED,1675353251655,Z,4,None
CHAR_SELECTED,1675353251687,Y,4,None
CHAR_SELECTED,1675353251721,X,5,None
CHAR_SELECTED,1675353251760,W,5,None
CHAR_SELECTED,1675353252183,V,4,None
CHAR_SELECTED,1675353252227,U,4,None
CHAR_SELECTED,1675353252450,T,2,None
CHAR_SELECTED,1675353252497,S,3,None
CHAR_SELECTED,1675353252514,R,4,None
CHAR_SELECTED,1675353252562,Q,4,None
CHAR_SELECTED,1675353252581,P,4,None
CHAR_SELECTED,1675353252628,O,4,None
CHAR_SELECTED,1675353252645,N,2,None
CHAR_SELECTED,1675353253199,M,4,None
CHAR_CLICKED,1675353255406,M,None,None
CHAR_SELECTED,1675353258674,L,4,None
CHAR_SELECTED,1675353258707,K,4,None
CHAR_SELECTED,1675353258775,J,4,None
CHAR_SELECTED,1675353259583,K,4,None
CHAR_SELECTED,1675353259645,L,3,None
CHAR_SELECTED,1675353259672,M,3,None
CHAR_SELECTED,1675353259714,N,2,None
CHAR_SELECTED,1675353260109,O,3,None
CHAR_SELECTED,1675353260140,P,3,None
CHAR_SELECTED,1675353260175,Q,3,None
CHAR_SELECTED,1675353260438,R,4,None
CHAR_SELECTED,1675353260513,S,3,None
CHAR_SELECTED,1675353260543,T,3,None
CHAR_SELECTED,1675353262725,U,4,None
CHAR_SELECTED,1675353263276,V,4,None
CHAR_SELECTED,1675353265952,U,5,None
CHAR_CLICKED,1675353267940,U,None,None
CHAR_SELECTED,1675353269925,T,4,None
CHAR_SELECTED,1675353269954,S,4,None
CHAR_SELECTED,1675353269997,R,3,None
CHAR_SELECTED,1675353270017,Q,3,None
CHAR_SELECTED,1675353270556,R,4,None
CHAR_SELECTED,1675353270582,S,4,None
CHAR_CLICKED,1675353272564,S,None,None
CHAR_SELECTED,1675353274174,R,4,None
CHAR_SELECTED,1675353274264,Q,4,None
CHAR_SELECTED,1675353274947,P,4,None
CHAR_SELECTED,1675353275013,O,4,None
CHAR_SELECTED,1675353275078,N,5,None
CHAR_SELECTED,1675353275670,M,4,None
CHAR_SELECTED,1675353275678,L,4,None
CHAR_SELECTED,1675353275759,K,4,None
CHAR_SELECTED,1675353277008,L,3,None
CHAR_SELECTED,1675353277061,M,2,None
CHAR_SELECTED,1675353277076,N,2,None
CHAR_SELECTED,1675353277476,O,3,None
CHAR_SELECTED,1675353277520,P,2,None
CHAR_SELECTED,1675353277910,Q,4,None
CHAR_SELECTED,1675353277972,R,3,None
CHAR_SELECTED,1675353278016,S,3,None
CHAR_SELECTED,1675353278704,T,5,None
CHAR_CLICKED,1675353280410,T,None,None
CHAR_SELECTED,1675353281833,S,4,None
CHAR_SELECTED,1675353281878,R,4,None
CHAR_SELECTED,1675353282404,Q,4,None
CHAR_SELECTED,1675353282436,P,4,None
CHAR_SELECTED,1675353282533,O,4,None
CHAR_SELECTED,1675353283200,N,3,None
CHAR_SELECTED,1675353283267,M,3,None
CHAR_SELECTED,1675353285103,L,4,None
CHAR_SELECTED,1675353285160,K,4,None
CHAR_SELECTED,1675353286272,L,4,None
CHAR_SELECTED,1675353286372,M,4,None
CHAR_SELECTED,1675353286522,L,4,None
CHAR_SELECTED,1675353286594,K,5,None
CHAR_SELECTED,1675353286765,L,4,None
CHAR_SELECTED,1675353288066,K,4,None
CHAR_SELECTED,1675353288089,J,4,None
CHAR_SELECTED,1675353288134,I,4,None
CHAR_SELECTED,1675353288155,H,3,None
CHAR_SELECTED,1675353288460,G,4,None
CHAR_SELECTED,1675353288493,F,3,None
CHAR_SELECTED,1675353289004,E,3,None
CHAR_CLICKED,1675353290295,E,None,None
CHAR_SELECTED,1675353292149,F,4,None
CHAR_SELECTED,1675353292187,G,4,None
CHAR_SELECTED,1675353292223,H,4,None
CHAR_SELECTED,1675353292330,I,3,None
CHAR_SELECTED,1675353292682,J,4,None
CHAR_SELECTED,1675353292731,K,4,None
CHAR_SELECTED,1675353293055,L,4,None
CHAR_SELECTED,1675353293083,M,3,None
CHAR_SELECTED,1675353293121,N,3,None
CHAR_SELECTED,1675353293387,O,4,None
CHAR_SELECTED,1675353293428,P,4,None
CHAR_SELECTED,1675353293450,Q,3,None
CHAR_SELECTED,1675353293492,R,3,None
CHAR_CLICKED,1675353295258,R,None,None
CHAR_SELECTED,1675353296919,S,5,None
CHAR_SELECTED,1675353297007,T,5,None
CHAR_SELECTED,1675353298037,U,3,None
CHAR_SELECTED,1675353298076,V,3,None
CHAR_SELECTED,1675353298078,W,3,None
CHAR_SELECTED,1675353298108,X,2,None
CHAR_SELECTED,1675353299335,Y,2,None
CHAR_SELECTED,1675353299386,Z,2,None
CHAR_SELECTED,1675353299834,SPACE,4,None
CHAR_SELECTED,1675353299883,ENTER,3,None
CHAR_SELECTED,1675353299909,1,3,None
CHAR_SELECTED,1675353300512,ENTER,4,None
WORD_DONE,1675353303031,None,None,Max Muster
WORD_NEXT,1675353303032,None,None,SWR3
CHAR_SELECTED,1675353304169,SPACE,4,None
CHAR_SELECTED,1675353304197,Z,4,None
CHAR_SELECTED,1675353304238,Y,4,None
CHAR_SELECTED,1675353304267,X,4,None
CHAR_SELECTED,1675353305005,W,3,None
CHAR_SELECTED,1675353305068,V,3,None
CHAR_SELECTED,1675353305099,U,4,None
CHAR_SELECTED,1675353305131,T,4,None
CHAR_SELECTED,1675353305207,S,4,None
CHAR_SELECTED,1675353305226,R,4,None
CHAR_SELECTED,1675353305965,S,4,None
CHAR_CLICKED,1675353307812,S,None,None
CHAR_SELECTED,1675353309091,R,4,None
CHAR_SELECTED,1675353309219,Q,5,None
CHAR_SELECTED,1675353309436,P,5,None
CHAR_SELECTED,1675353309863,Q,5,None
CHAR_SELECTED,1675353309887,R,4,None
CHAR_SELECTED,1675353309957,S,4,None
CHAR_SELECTED,1675353310117,T,4,None
CHAR_SELECTED,1675353310503,U,5,None
CHAR_SELECTED,1675353310555,V,4,None
CHAR_SELECTED,1675353310751,W,4,None
CHAR_CLICKED,1675353312450,W,None,None
CHAR_SELECTED,1675353314811,X,5,None
CHAR_SELECTED,1675353314910,Y,4,None
CHAR_SELECTED,1675353315028,Z,4,None
CHAR_SELECTED,1675353316583,Y,3,None
CHAR_SELECTED,1675353316615,X,4,None
CHAR_SELECTED,1675353316647,W,4,None
CHAR_SELECTED,1675353316712,V,4,None
CHAR_SELECTED,1675353317220,U,4,None
CHAR_SELECTED,1675353317238,T,4,None
CHAR_SELECTED,1675353317295,S,4,None
CHAR_SELECTED,1675353317991,R,4,None
CHAR_CLICKED,1675353319992,R,None,None
CHAR_SELECTED,1675353320968,Q,4,None
CHAR_SELECTED,1675353321007,P,4,None
CHAR_SELECTED,1675353321043,O,4,None
CHAR_SELECTED,1675353321074,N,4,None
CHAR_SELECTED,1675353321470,M,3,None
CHAR_SELECTED,1675353321506,L,4,None
CHAR_SELECTED,1675353321532,K,4,None
CHAR_SELECTED,1675353322771,J,3,None
CHAR_SELECTED,1675353322802,I,4,None
CHAR_SELECTED,1675353322839,H,4,None
CHAR_SELECTED,1675353322863,G,4,None
CHAR_SELECTED,1675353322944,F,3,None
CHAR_SELECTED,1675353323350,E,4,None
CHAR_SELECTED,1675353323864,D,2,None
CHAR_SELECTED,1675353323900,C,2,None
CHAR_SELECTED,1675353324099,B,2,None
CHAR_SELECTED,1675353324131,A,2,None
CHAR_SELECTED,1675353324166,0,3,None
CHAR_SELECTED,1675353324201,9,4,None
CHAR_SELECTED,1675353324239,8,4,None
CHAR_SELECTED,1675353324262,7,3,None
CHAR_SELECTED,1675353324606,6,3,None
CHAR_SELECTED,1675353324626,5,3,None
CHAR_SELECTED,1675353324675,4,3,None
CHAR_SELECTED,1675353324696,3,4,None
CHAR_CLICKED,1675353326874,3,None,None
CHAR_SELECTED,1675353328396,4,4,None
CHAR_SELECTED,1675353328486,5,3,None
CHAR_SELECTED,1675353328545,6,3,None
CHAR_SELECTED,1675353329026,7,3,None
CHAR_SELECTED,1675353329064,8,3,None
CHAR_SELECTED,1675353329176,7,4,None
CHAR_SELECTED,1675353329254,6,4,None
CHAR_SELECTED,1675353329295,5,6,None
CHAR_SELECTED,1675353329319,4,4,None
CHAR_SELECTED,1675353329620,3,4,None
CHAR_SELECTED,1675353329660,2,2,None
CHAR_SELECTED,1675353329859,1,3,None
CHAR_SELECTED,1675353329892,ENTER,4,None
CHAR_SELECTED,1675353329923,SPACE,4,None
CHAR_SELECTED,1675353329958,Z,4,None
CHAR_SELECTED,1675353329996,Y,4,None
CHAR_SELECTED,1675353330018,X,4,None
CHAR_SELECTED,1675353330682,Y,4,None
CHAR_SELECTED,1675353330757,Z,4,None
CHAR_SELECTED,1675353330820,SPACE,4,None
CHAR_SELECTED,1675353331468,ENTER,4,None
WORD_DONE,1675353332620,None,None,SWR3
WORD_NEXT,1675353332621,None,None,Italien
CHAR_SELECTED,1675353334120,SPACE,4,None
CHAR_SELECTED,1675353334179,Z,4,None
CHAR_SELECTED,1675353334230,Y,4,None
CHAR_SELECTED,1675353335011,X,4,None
CHAR_SELECTED,1675353335043,W,4,None
CHAR_SELECTED,1675353335081,V,4,None
CHAR_SELECTED,1675353335122,U,5,None
CHAR_SELECTED,1675353335143,T,4,None
CHAR_SELECTED,1675353335855,S,4,None
CHAR_SELECTED,1675353335875,R,3,None
CHAR_SELECTED,1675353335907,Q,3,None
CHAR_SELECTED,1675353336180,P,3,None
CHAR_SELECTED,1675353336277,O,4,None
CHAR_SELECTED,1675353336321,N,3,None
CHAR_SELECTED,1675353336512,M,2,None
CHAR_SELECTED,1675353336558,L,2,None
CHAR_SELECTED,1675353336642,K,4,None
CHAR_SELECTED,1675353336682,J,2,None
CHAR_SELECTED,1675353336909,I,2,None
CHAR_SELECTED,1675353336949,H,3,None
CHAR_SELECTED,1675353336976,G,3,None
CHAR_SELECTED,1675353337014,F,4,None
CHAR_SELECTED,1675353337042,E,4,None
CHAR_SELECTED,1675353337086,D,4,None
CHAR_SELECTED,1675353337108,C,4,None
CHAR_SELECTED,1675353337378,D,4,None
CHAR_SELECTED,1675353337454,E,3,None
CHAR_SELECTED,1675353337622,F,3,None
CHAR_SELECTED,1675353338074,G,4,None
CHAR_SELECTED,1675353338139,H,4,None
CHAR_SELECTED,1675353338650,I,4,None
CHAR_CLICKED,1675353342498,I,None,None
CHAR_SELECTED,1675353344133,H,4,None
CHAR_SELECTED,1675353344201,G,4,None
CHAR_SELECTED,1675353344736,F,4,None
CHAR_SELECTED,1675353344760,E,4,None
CHAR_SELECTED,1675353344803,D,4,None
CHAR_SELECTED,1675353344828,C,4,None
CHAR_SELECTED,1675353345370,B,3,None
CHAR_SELECTED,1675353345433,A,4,None
CHAR_SELECTED,1675353345464,0,3,None
CHAR_SELECTED,1675353345492,9,2,None
CHAR_SELECTED,1675353346527,0,5,None
CHAR_SELECTED,1675353346846,A,5,None
CHAR_SELECTED,1675353346923,B,4,None
CHAR_SELECTED,1675353347124,A,4,None
CHAR_SELECTED,1675353347159,0,4,None
CHAR_SELECTED,1675353347200,9,4,None
CHAR_SELECTED,1675353347560,8,4,None
CHAR_SELECTED,1675353347607,7,3,None
CHAR_SELECTED,1675353347888,6,4,None
CHAR_SELECTED,1675353347935,5,3,None
CHAR_SELECTED,1675353347954,4,2,None
CHAR_SELECTED,1675353348159,3,3,None
CHAR_SELECTED,1675353348189,2,3,None
CHAR_SELECTED,1675353348255,1,4,None
CHAR_SELECTED,1675353348302,ENTER,3,None
CHAR_SELECTED,1675353348334,SPACE,2,None
CHAR_SELECTED,1675353348594,Z,3,None
CHAR_SELECTED,1675353348623,Y,4,None
CHAR_SELECTED,1675353348667,X,4,None
CHAR_SELECTED,1675353348689,W,2,None
CHAR_SELECTED,1675353349061,V,4,None
CHAR_SELECTED,1675353349089,U,2,None
CHAR_SELECTED,1675353349323,T,2,None
CHAR_SELECTED,1675353349353,S,2,None
CHAR_SELECTED,1675353349398,R,3,None
CHAR_SELECTED,1675353349419,Q,3,None
CHAR_SELECTED,1675353349460,P,3,None
CHAR_SELECTED,1675353349490,O,4,None
CHAR_SELECTED,1675353349918,P,3,None
CHAR_SELECTED,1675353349957,Q,3,None
CHAR_SELECTED,1675353350070,R,3,None
CHAR_SELECTED,1675353350436,S,4,None
CHAR_SELECTED,1675353353860,T,4,None
CHAR_CLICKED,1675353356787,T,None,None
CHAR_SELECTED,1675353358146,U,4,None
CHAR_SELECTED,1675353358173,V,4,None
CHAR_SELECTED,1675353358208,W,4,None
CHAR_SELECTED,1675353358247,X,3,None
CHAR_SELECTED,1675353358272,Y,3,None
CHAR_SELECTED,1675353358311,Z,2,None
CHAR_SELECTED,1675353358344,SPACE,2,None
CHAR_SELECTED,1675353358669,ENTER,4,None
CHAR_SELECTED,1675353358782,1,3,None
CHAR_SELECTED,1675353358802,2,2,None
CHAR_SELECTED,1675353359142,3,4,None
CHAR_SELECTED,1675353359244,4,2,None
CHAR_SELECTED,1675353359704,5,4,None
CHAR_SELECTED,1675353359773,6,2,None
CHAR_SELECTED,1675353359907,7,2,None
CHAR_SELECTED,1675353359939,8,2,None
CHAR_SELECTED,1675353359977,9,2,None
CHAR_SELECTED,1675353360008,0,2,None
CHAR_SELECTED,1675353360039,A,2,None
CHAR_CLICKED,1675353361944,A,None,None
CHAR_SELECTED,1675353363509,0,4,None
CHAR_SELECTED,1675353364027,A,4,None
CHAR_SELECTED,1675353367003,B,4,None
CHAR_SELECTED,1675353367091,C,5,None
CHAR_SELECTED,1675353367174,D,4,None
CHAR_SELECTED,1675353368664,E,3,None
CHAR_SELECTED,1675353368688,F,4,None
CHAR_SELECTED,1675353368757,G,4,None
CHAR_SELECTED,1675353368795,H,4,None
CHAR_SELECTED,1675353368818,I,2,None
CHAR_SELECTED,1675353368862,J,2,None
CHAR_SELECTED,1675353369930,K,5,None
CHAR_SELECTED,1675353370007,L,4,None
CHAR_SELECTED,1675353370052,M,4,None
CHAR_SELECTED,1675353370198,N,4,None
CHAR_SELECTED,1675353370538,M,5,None
CHAR_SELECTED,1675353372191,L,5,None
CHAR_SELECTED,1675353372354,K,5,None
CHAR_SELECTED,1675353373192,L,5,None
CHAR_CLICKED,1675353374878,L,None,None
CHAR_SELECTED,1675353378605,M,4,None
CHAR_SELECTED,1675353378808,N,4,None
CHAR_SELECTED,1675353378910,O,4,None
CHAR_SELECTED,1675353378982,P,4,None
CHAR_SELECTED,1675353379187,O,4,None
CHAR_SELECTED,1675353379212,N,4,None
CHAR_SELECTED,1675353379242,M,4,None
CHAR_SELECTED,1675353379277,L,5,None
CHAR_SELECTED,1675353379315,K,5,None
CHAR_SELECTED,1675353379774,J,4,None
CHAR_SELECTED,1675353379812,I,4,None
CHAR_SELECTED,1675353379920,H,4,None
CHAR_SELECTED,1675353380513,I,4,None
CHAR_CLICKED,1675353381999,I,None,None
CHAR_SELECTED,1675353383807,H,3,None
CHAR_SELECTED,1675353383884,G,4,None
CHAR_SELECTED,1675353383927,F,4,None
CHAR_SELECTED,1675353384661,E,3,None
CHAR_CLICKED,1675353386008,E,None,None
CHAR_SELECTED,1675353395483,F,4,None
CHAR_SELECTED,1675353396060,G,4,None
CHAR_SELECTED,1675353396107,H,4,None
CHAR_SELECTED,1675353396906,I,4,None
CHAR_SELECTED,1675353396976,J,4,None
CHAR_SELECTED,1675353397018,K,4,None
CHAR_SELECTED,1675353397039,L,4,None
CHAR_SELECTED,1675353397105,M,3,None
CHAR_SELECTED,1675353397944,N,4,None
CHAR_CLICKED,1675353399289,N,None,None
CHAR_SELECTED,1675353400322,O,4,None
CHAR_SELECTED,1675353400343,P,4,None
CHAR_SELECTED,1675353400411,Q,4,None
CHAR_SELECTED,1675353400548,R,4,None
CHAR_SELECTED,1675353400977,S,4,None
CHAR_SELECTED,1675353401068,T,4,None
CHAR_SELECTED,1675353401177,U,4,None
CHAR_SELECTED,1675353401766,V,4,None
CHAR_SELECTED,1675353401812,W,3,None
CHAR_SELECTED,1675353401877,X,3,None
CHAR_SELECTED,1675353402462,Y,4,None
CHAR_SELECTED,1675353402540,Z,4,None
CHAR_SELECTED,1675353402746,SPACE,4,None
CHAR_SELECTED,1675353403907,ENTER,4,None
WORD_DONE,1675353405755,None,None,Italien
WORD_NEXT,1675353405760,None,None,Musik
CHAR_SELECTED,1675353406959,SPACE,4,None
CHAR_SELECTED,1675353407005,Z,4,None
CHAR_SELECTED,1675353407033,Y,4,None
CHAR_SELECTED,1675353407133,X,5,None
CHAR_SELECTED,1675353407657,W,3,None
CHAR_SELECTED,1675353407722,V,4,None
CHAR_SELECTED,1675353407766,U,4,None
CHAR_SELECTED,1675353407789,T,4,None
CHAR_SELECTED,1675353407824,S,4,None
CHAR_SELECTED,1675353408190,R,3,None
CHAR_SELECTED,1675353408237,Q,3,None
CHAR_SELECTED,1675353408261,P,4,None
CHAR_SELECTED,1675353408328,O,4,None
CHAR_SELECTED,1675353408918,N,4,None
CHAR_SELECTED,1675353409195,M,4,None
CHAR_CLICKED,1675353410359,M,None,None
CHAR_SELECTED,1675353412525,N,4,None
CHAR_SELECTED,1675353412579,O,4,None
CHAR_SELECTED,1675353412633,P,3,None
CHAR_SELECTED,1675353412651,Q,3,None
CHAR_SELECTED,1675353412682,R,3,None
CHAR_SELECTED,1675353413218,S,4,None
CHAR_SELECTED,1675353413279,T,3,None
CHAR_SELECTED,1675353413324,U,3,None
CHAR_CLICKED,1675353414279,U,None,None
CHAR_SELECTED,1675353415312,V,4,None
CHAR_SELECTED,1675353415366,W,4,None
CHAR_SELECTED,1675353415387,X,3,None
CHAR_SELECTED,1675353415455,Y,4,None
CHAR_SELECTED,1675353415956,Z,4,None
CHAR_SELECTED,1675353416007,SPACE,3,None
CHAR_SELECTED,1675353416058,ENTER,3,None
CHAR_SELECTED,1675353416079,1,3,None
CHAR_SELECTED,1675353416111,2,3,None
CHAR_SELECTED,1675353417273,1,4,None
CHAR_SELECTED,1675353417322,ENTER,4,None
CHAR_SELECTED,1675353417341,SPACE,4,None
CHAR_SELECTED,1675353417381,Z,4,None
CHAR_SELECTED,1675353417412,Y,4,None
CHAR_SELECTED,1675353417445,X,2,None
CHAR_SELECTED,1675353417808,W,4,None
CHAR_SELECTED,1675353417846,V,4,None
CHAR_SELECTED,1675353417876,U,4,None
CHAR_SELECTED,1675353417910,T,2,None
CHAR_SELECTED,1675353418238,S,3,None
CHAR_SELECTED,1675353418310,R,4,None
CHAR_SELECTED,1675353418373,Q,4,None
CHAR_SELECTED,1675353418909,R,4,None
CHAR_SELECTED,1675353419637,S,4,None
CHAR_CLICKED,1675353420945,S,None,None
CHAR_SELECTED,1675353422216,R,4,None
CHAR_SELECTED,1675353422235,Q,4,None
CHAR_SELECTED,1675353422268,P,4,None
CHAR_SELECTED,1675353422310,O,4,None
CHAR_SELECTED,1675353422331,N,4,None
CHAR_SELECTED,1675353422374,M,5,None
CHAR_SELECTED,1675353422907,L,3,None
CHAR_SELECTED,1675353422972,K,3,None
CHAR_SELECTED,1675353423042,J,4,None
CHAR_SELECTED,1675353423101,I,4,None
CHAR_CLICKED,1675353424929,I,None,None
CHAR_SELECTED,1675353426027,J,5,None
CHAR_SELECTED,1675353426094,K,5,None
CHAR_SELECTED,1675353426167,L,5,None
CHAR_SELECTED,1675353429130,K,4,None
CHAR_SELECTED,1675353429629,J,5,None
CHAR_SELECTED,1675353434024,K,5,None
CHAR_SELECTED,1675353434319,L,5,None
CHAR_SELECTED,1675353434426,M,4,None
CHAR_SELECTED,1675353434511,N,4,None
CHAR_SELECTED,1675353434824,M,5,None
CHAR_SELECTED,1675353434850,L,5,None
CHAR_SELECTED,1675353436461,K,5,None
CHAR_CLICKED,1675353438840,K,None,None
CHAR_SELECTED,1675353440122,L,4,None
CHAR_SELECTED,1675353440306,K,5,None
CHAR_SELECTED,1675353440375,J,5,None
CHAR_SELECTED,1675353440454,I,5,None
CHAR_SELECTED,1675353440577,H,3,None
CHAR_SELECTED,1675353441134,I,4,None
CHAR_SELECTED,1675353441182,J,4,None
CHAR_SELECTED,1675353441235,K,3,None
CHAR_SELECTED,1675353441282,L,2,None
CHAR_SELECTED,1675353441302,M,2,None
CHAR_SELECTED,1675353441679,N,2,None
CHAR_SELECTED,1675353441702,O,4,None
CHAR_SELECTED,1675353441771,P,3,None
CHAR_SELECTED,1675353441812,Q,2,None
CHAR_SELECTED,1675353441831,R,2,None
CHAR_SELECTED,1675353442303,S,3,None
CHAR_SELECTED,1675353442348,T,2,None
CHAR_SELECTED,1675353442368,U,2,None
CHAR_SELECTED,1675353442796,V,4,None
CHAR_SELECTED,1675353442877,W,4,None
CHAR_SELECTED,1675353442894,X,4,None
CHAR_SELECTED,1675353442945,Y,4,None
CHAR_SELECTED,1675353442967,Z,3,None
CHAR_SELECTED,1675353443057,SPACE,3,None
CHAR_SELECTED,1675353443167,ENTER,3,None
CHAR_SELECTED,1675353443300,1,2,None
CHAR_SELECTED,1675353443742,ENTER,3,None
CHAR_SELECTED,1675353443810,SPACE,3,None
CHAR_SELECTED,1675353443827,Z,4,None
CHAR_SELECTED,1675353444462,SPACE,4,None
CHAR_SELECTED,1675353445270,ENTER,4,None
WORD_DONE,1675353446656,None,None,Musik
WORD_NEXT,1675353446657,None,None,RPR1
CHAR_SELECTED,1675353449023,SPACE,4,None
CHAR_SELECTED,1675353449091,Z,4,None
CHAR_SELECTED,1675353449129,Y,5,None
CHAR_SELECTED,1675353449168,X,5,None
CHAR_SELECTED,1675353449229,W,5,None
CHAR_SELECTED,1675353449297,V,5,None
CHAR_SELECTED,1675353449457,U,5,None
CHAR_SELECTED,1675353449606,T,5,None
CHAR_SELECTED,1675353449764,S,5,None
CHAR_SELECTED,1675353452861,R,5,None
CHAR_CLICKED,1675353454722,R,None,None
CHAR_SELECTED,1675353456044,Q,5,None
CHAR_SELECTED,1675353457050,P,5,None
CHAR_CLICKED,1675353458678,P,None,None
CHAR_SELECTED,1675353459970,Q,5,None
CHAR_SELECTED,1675353460277,R,5,None
CHAR_CLICKED,1675353461653,R,None,None
CHAR_SELECTED,1675353463196,Q,4,None
CHAR_SELECTED,1675353463251,P,5,None
CHAR_SELECTED,1675353463280,O,5,None
CHAR_SELECTED,1675353463296,N,5,None
CHAR_SELECTED,1675353463328,M,5,None
CHAR_SELECTED,1675353463864,L,5,None
CHAR_SELECTED,1675353463911,K,5,None
CHAR_SELECTED,1675353463931,J,4,None
CHAR_SELECTED,1675353464394,I,5,None
CHAR_SELECTED,1675353464427,H,5,None
CHAR_SELECTED,1675353464459,G,4,None
CHAR_SELECTED,1675353464512,F,2,None
CHAR_SELECTED,1675353464962,E,4,None
CHAR_SELECTED,1675353464996,D,4,None
CHAR_SELECTED,1675353465035,C,2,None
CHAR_SELECTED,1675353465336,B,3,None
CHAR_SELECTED,1675353465440,A,3,None
CHAR_SELECTED,1675353465459,0,2,None
CHAR_SELECTED,1675353465791,9,3,None
CHAR_SELECTED,1675353466762,8,3,None
CHAR_SELECTED,1675353466798,7,4,None
CHAR_SELECTED,1675353466826,6,4,None
CHAR_SELECTED,1675353466897,5,5,None
CHAR_SELECTED,1675353466960,4,5,None
CHAR_SELECTED,1675353467097,3,5,None
CHAR_SELECTED,1675353467262,2,4,None
CHAR_SELECTED,1675353468100,1,5,None
CHAR_CLICKED,1675353470698,1,None,None
CHAR_SELECTED,1675353472331,ENTER,3,None
CHAR_SELECTED,1675353472356,SPACE,4,None
CHAR_SELECTED,1675353472378,Z,4,None
CHAR_SELECTED,1675353472432,Y,4,None
CHAR_SELECTED,1675353472451,X,4,None
CHAR_SELECTED,1675353472531,W,4,None
CHAR_SELECTED,1675353473082,X,4,None
CHAR_SELECTED,1675353473195,Y,4,None
CHAR_SELECTED,1675353473515,Z,4,None
CHAR_SELECTED,1675353473716,SPACE,4,None
CHAR_SELECTED,1675353476920,ENTER,4,None
WORD_DONE,1675353479273,None,None,RPR1
WORD_NEXT,1675353479274,None,None,Jane Doe
CHAR_SELECTED,1675353481420,SPACE,4,None
CHAR_SELECTED,1675353481489,Z,4,None
CHAR_SELECTED,1675353481539,Y,4,None
CHAR_SELECTED,1675353481611,X,4,None
CHAR_SELECTED,1675353481779,W,5,None
CHAR_SELECTED,1675353481934,V,5,None
CHAR_SELECTED,1675353482669,U,4,None
CHAR_SELECTED,1675353482699,T,4,None
CHAR_SELECTED,1675353482744,S,4,None
CHAR_SELECTED,1675353482802,R,5,None
CHAR_SELECTED,1675353483096,Q,5,None
CHAR_SELECTED,1675353483370,R,5,None
CHAR_SELECTED,1675353483536,Q,5,None
CHAR_SELECTED,1675353484129,P,3,None
CHAR_SELECTED,1675353484166,O,4,None
CHAR_SELECTED,1675353484206,N,4,None
CHAR_SELECTED,1675353484231,M,5,None
CHAR_SELECTED,1675353484267,L,5,None
CHAR_SELECTED,1675353484310,K,5,None
CHAR_SELECTED,1675353484330,J,5,None
CHAR_CLICKED,1675353486188,J,None,None
CHAR_SELECTED,1675353487432,I,3,None
CHAR_SELECTED,1675353487589,H,4,None
CHAR_SELECTED,1675353487660,G,4,None
CHAR_SELECTED,1675353487689,F,4,None
CHAR_SELECTED,1675353487744,E,4,None
CHAR_SELECTED,1675353487796,D,5,None
CHAR_SELECTED,1675353487988,C,5,None
CHAR_SELECTED,1675353488129,B,5,None
CHAR_SELECTED,1675353488287,A,5,None
CHAR_CLICKED,1675353489944,A,None,None
CHAR_SELECTED,1675353491016,B,4,None
CHAR_SELECTED,1675353491067,C,4,None
CHAR_SELECTED,1675353491091,D,4,None
CHAR_SELECTED,1675353491118,E,4,None
CHAR_SELECTED,1675353491162,F,3,None
CHAR_SELECTED,1675353491227,G,3,None
CHAR_SELECTED,1675353491247,H,2,None
CHAR_SELECTED,1675353491862,I,5,None
CHAR_SELECTED,1675353491925,J,5,None
CHAR_SELECTED,1675353492456,K,4,None
CHAR_SELECTED,1675353492485,L,4,None
CHAR_SELECTED,1675353492528,M,4,None
CHAR_SELECTED,1675353493254,N,5,None
CHAR_CLICKED,1675353495062,N,None,None
CHAR_SELECTED,1675353496292,M,4,None
CHAR_SELECTED,1675353496339,L,4,None
CHAR_SELECTED,1675353496393,K,4,None
CHAR_SELECTED,1675353496440,J,4,None
CHAR_SELECTED,1675353496475,I,4,None
CHAR_SELECTED,1675353496575,H,4,None
CHAR_SELECTED,1675353497241,G,4,None
CHAR_SELECTED,1675353497307,F,4,None
CHAR_SELECTED,1675353497421,E,5,None
CHAR_CLICKED,1675353499115,E,None,None
CHAR_SELECTED,1675353500675,F,5,None
CHAR_SELECTED,1675353500701,G,5,None
CHAR_SELECTED,1675353501033,F,5,None
CHAR_SELECTED,1675353501103,E,4,None
CHAR_SELECTED,1675353501136,D,3,None
CHAR_SELECTED,1675353501606,C,4,None
CHAR_SELECTED,1675353501635,B,4,None
CHAR_SELECTED,1675353501670,A,4,None
CHAR_SELECTED,1675353502017,0,3,None
CHAR_SELECTED,1675353502065,9,4,None
CHAR_SELECTED,1675353502108,8,4,None
CHAR_SELECTED,1675353502133,7,5,None
CHAR_SELECTED,1675353502180,6,5,None
CHAR_SELECTED,1675353502199,5,5,None
CHAR_SELECTED,1675353502271,4,3,None
CHAR_SELECTED,1675353502702,3,3,None
CHAR_SELECTED,1675353502738,2,4,None
CHAR_SELECTED,1675353502767,1,4,None
CHAR_SELECTED,1675353502802,ENTER,4,None
CHAR_SELECTED,1675353502835,SPACE,4,None
CHAR_SELECTED,1675353502877,Z,5,None
CHAR_SELECTED,1675353502898,Y,5,None
CHAR_SELECTED,1675353503036,X,3,None
CHAR_SELECTED,1675353503872,Y,4,None
CHAR_SELECTED,1675353504002,Z,4,None
CHAR_SELECTED,1675353505728,SPACE,4,None
CHAR_CLICKED,1675353507080,SPACE,None,None
CHAR_SELECTED,1675353509125,ENTER,4,None
CHAR_SELECTED,1675353509596,1,4,None
CHAR_SELECTED,1675353509661,2,3,None
CHAR_SELECTED,1675353509683,3,3,None
CHAR_SELECTED,1675353509729,4,3,None
CHAR_SELECTED,1675353509756,5,2,None
CHAR_SELECTED,1675353510052,6,2,None
CHAR_SELECTED,1675353510088,7,4,None
CHAR_SELECTED,1675353510126,8,4,None
CHAR_SELECTED,1675353510153,9,3,None
CHAR_SELECTED,1675353510586,0,4,None
CHAR_SELECTED,1675353510636,A,4,None
CHAR_SELECTED,1675353510656,B,4,None
CHAR_SELECTED,1675353510719,C,4,None
CHAR_SELECTED,1675353510782,D,3,None
CHAR_SELECTED,1675353510885,E,3,None
CHAR_SELECTED,1675353511021,F,3,None
CHAR_SELECTED,1675353511503,E,4,None
CHAR_SELECTED,1675353511615,D,4,None
CHAR_CLICKED,1675353513308,D,None,None
CHAR_SELECTED,1675353515220,E,5,None
CHAR_SELECTED,1675353515315,F,5,None
CHAR_SELECTED,1675353515444,G,4,None
CHAR_SELECTED,1675353515579,H,4,None
CHAR_SELECTED,1675353515614,I,4,None
CHAR_SELECTED,1675353515648,J,4,None
CHAR_SELECTED,1675353515713,K,3,None
CHAR_SELECTED,1675353515780,L,3,None
CHAR_SELECTED,1675353515854,M,3,None
CHAR_SELECTED,1675353516482,N,4,None
CHAR_SELECTED,1675353516641,O,4,None
CHAR_CLICKED,1675353518685,O,None,None
CHAR_SELECTED,1675353520266,N,3,None
CHAR_SELECTED,1675353520310,M,3,None
CHAR_SELECTED,1675353520339,L,4,None
CHAR_SELECTED,1675353520373,K,4,None
CHAR_SELECTED,1675353520402,J,4,None
CHAR_SELECTED,1675353520437,I,4,None
CHAR_SELECTED,1675353520504,H,5,None
CHAR_SELECTED,1675353520815,G,5,None
CHAR_SELECTED,1675353520949,F,5,None
CHAR_SELECTED,1675353521101,E,5,None
CHAR_CLICKED,1675353522162,E,None,None
CHAR_SELECTED,1675353523299,F,4,None
CHAR_SELECTED,1675353523347,G,4,None
CHAR_SELECTED,1675353523366,H,4,None
CHAR_SELECTED,1675353523428,I,4,None
CHAR_SELECTED,1675353523481,J,4,None
CHAR_SELECTED,1675353523527,K,3,None
CHAR_SELECTED,1675353523730,L,3,None
CHAR_SELECTED,1675353524267,M,4,None
CHAR_SELECTED,1675353524329,N,4,None
CHAR_SELECTED,1675353524374,O,4,None
CHAR_SELECTED,1675353524464,P,4,None
CHAR_SELECTED,1675353524794,Q,4,None
CHAR_SELECTED,1675353524964,R,4,None
CHAR_SELECTED,1675353525433,S,4,None
CHAR_SELECTED,1675353525498,T,4,None
CHAR_SELECTED,1675353525701,U,4,None
CHAR_SELECTED,1675353525995,V,4,None
CHAR_SELECTED,1675353526164,W,3,None
CHAR_SELECTED,1675353526598,X,4,None
CHAR_SELECTED,1675353526632,Y,4,None
CHAR_SELECTED,1675353526713,Z,4,None
CHAR_SELECTED,1675353526808,SPACE,4,None
CHAR_SELECTED,1675353527641,ENTER,5,None
WORD_DONE,1675353529824,None,None,Jane Doe
WORD_NEXT,1675353529825,None,None,WDR 4
CHAR_SELECTED,1675353531030,SPACE,3,None
CHAR_SELECTED,1675353531056,Z,4,None
CHAR_SELECTED,1675353531093,Y,4,None
CHAR_SELECTED,1675353531116,X,4,None
CHAR_SELECTED,1675353531188,W,4,None
CHAR_SELECTED,1675353531260,V,5,None
CHAR_SELECTED,1675353531404,U,5,None
CHAR_SELECTED,1675353531517,T,4,None
CHAR_SELECTED,1675353531849,U,5,None
CHAR_SELECTED,1675353531983,V,5,None
CHAR_SELECTED,1675353532086,W,5,None
CHAR_CLICKED,1675353533284,W,None,None
CHAR_SELECTED,1675353534656,X,4,None
CHAR_SELECTED,1675353534676,Y,4,None
CHAR_SELECTED,1675353534747,Z,4,None
CHAR_SELECTED,1675353534790,SPACE,3,None
CHAR_SELECTED,1675353534823,ENTER,3,None
CHAR_SELECTED,1675353534848,1,3,None
CHAR_SELECTED,1675353535310,2,4,None
CHAR_SELECTED,1675353535356,3,4,None
CHAR_SELECTED,1675353535375,4,4,None
CHAR_SELECTED,1675353535432,5,4,None
CHAR_SELECTED,1675353535454,6,3,None
CHAR_SELECTED,1675353535476,7,3,None
CHAR_SELECTED,1675353535512,8,3,None
CHAR_SELECTED,1675353535554,9,2,None
CHAR_SELECTED,1675353536091,0,4,None
CHAR_SELECTED,1675353536111,A,4,None
CHAR_SELECTED,1675353536143,B,4,None
CHAR_SELECTED,1675353536187,C,4,None
CHAR_SELECTED,1675353536209,D,4,None
CHAR_SELECTED,1675353536284,E,3,None
CHAR_SELECTED,1675353536309,F,3,None
CHAR_SELECTED,1675353536778,E,3,None
CHAR_SELECTED,1675353536880,D,4,None
CHAR_SELECTED,1675353536971,C,4,None
CHAR_SELECTED,1675353537850,D,4,None
CHAR_CLICKED,1675353540304,D,None,None
CHAR_SELECTED,1675353541335,E,4,None
CHAR_SELECTED,1675353541436,F,3,None
CHAR_SELECTED,1675353541467,G,3,None
CHAR_SELECTED,1675353541501,H,3,None
CHAR_SELECTED,1675353541541,I,3,None
CHAR_SELECTED,1675353541565,J,3,None
CHAR_SELECTED,1675353541618,K,3,None
CHAR_SELECTED,1675353541642,L,3,None
CHAR_SELECTED,1675353542172,M,4,None
CHAR_SELECTED,1675353542207,N,4,None
CHAR_SELECTED,1675353542274,O,4,None
CHAR_SELECTED,1675353542369,P,4,None
CHAR_SELECTED,1675353542759,Q,4,None
CHAR_SELECTED,1675353543069,R,3,None
CHAR_CLICKED,1675353544373,R,None,None
CHAR_SELECTED,1675353546442,S,4,None
CHAR_SELECTED,1675353546459,T,4,None
CHAR_SELECTED,1675353546526,U,4,None
CHAR_SELECTED,1675353546563,V,4,None
CHAR_SELECTED,1675353546599,W,3,None
CHAR_SELECTED,1675353546627,X,3,None
CHAR_SELECTED,1675353546663,Y,3,None
CHAR_SELECTED,1675353547156,Z,4,None
CHAR_SELECTED,1675353547203,SPACE,4,None
CHAR_SELECTED,1675353547226,ENTER,4,None
CHAR_SELECTED,1675353547265,1,4,None
CHAR_SELECTED,1675353547290,2,4,None
CHAR_SELECTED,1675353547338,3,3,None
CHAR_SELECTED,1675353547395,4,3,None
CHAR_SELECTED,1675353547459,5,2,None
CHAR_SELECTED,1675353548263,4,3,None
CHAR_SELECTED,1675353551991,5,4,None
CHAR_SELECTED,1675353552017,6,4,None
CHAR_SELECTED,1675353552058,7,4,None
CHAR_SELECTED,1675353552079,8,4,None
CHAR_SELECTED,1675353552136,9,4,None
CHAR_SELECTED,1675353552182,0,4,None
CHAR_SELECTED,1675353552283,A,3,None
CHAR_SELECTED,1675353552582,0,3,None
CHAR_SELECTED,1675353552661,9,4,None
CHAR_SELECTED,1675353552692,8,4,None
CHAR_SELECTED,1675353552711,7,5,None
CHAR_SELECTED,1675353552759,6,5,None
CHAR_SELECTED,1675353552779,5,5,None
CHAR_SELECTED,1675353552822,4,5,None
CHAR_SELECTED,1675353552852,3,5,None
CHAR_SELECTED,1675353552919,2,6,None
CHAR_SELECTED,1675353553016,1,4,None
CHAR_SELECTED,1675353553118,ENTER,4,None
CHAR_SELECTED,1675353553286,SPACE,5,None
CHAR_CLICKED,1675353554728,SPACE,None,None
CHAR_SELECTED,1675353555516,ENTER,4,None
CHAR_SELECTED,1675353555547,1,4,None
CHAR_SELECTED,1675353555586,2,4,None
CHAR_SELECTED,1675353555608,3,4,None
CHAR_SELECTED,1675353555670,4,4,None
CHAR_SELECTED,1675353555707,5,4,None
CHAR_SELECTED,1675353556145,4,4,None
CHAR_CLICKED,1675353557819,4,None,None
CHAR_SELECTED,1675353558639,3,3,None
CHAR_SELECTED,1675353558679,2,3,None
CHAR_SELECTED,1675353558707,1,3,None
CHAR_SELECTED,1675353558776,ENTER,4,None
WORD_DONE,1675353560138,None,None,WDR 4
WORD_NEXT,1675353560141,None,None,51674 Wiehl
CHAR_SELECTED,1675353561186,SPACE,3,None
CHAR_SELECTED,1675353561223,Z,3,None
CHAR_SELECTED,1675353561239,Y,4,None
CHAR_SELECTED,1675353561278,X,4,None
CHAR_SELECTED,1675353561331,W,4,None
CHAR_SELECTED,1675353561378,V,4,None
CHAR_SELECTED,1675353561815,W,5,None
CHAR_SELECTED,1675353564269,V,3,None
CHAR_SELECTED,1675353564301,U,3,None
CHAR_SELECTED,1675353564361,T,4,None
CHAR_SELECTED,1675353564456,S,4,None
CHAR_SELECTED,1675353564499,R,4,None
CHAR_SELECTED,1675353564563,Q,5,None
CHAR_SELECTED,1675353564668,P,5,None
CHAR_SELECTED,1675353565494,O,4,None
CHAR_SELECTED,1675353565560,N,4,None
CHAR_SELECTED,1675353565604,M,4,None
CHAR_SELECTED,1675353565641,L,5,None
CHAR_SELECTED,1675353565659,K,5,None
CHAR_SELECTED,1675353565703,J,5,None
CHAR_SELECTED,1675353565735,I,2,None
CHAR_SELECTED,1675353570518,J,4,None
CHAR_SELECTED,1675353570599,K,4,None
CHAR_SELECTED,1675353571085,L,4,None
CHAR_SELECTED,1675353571202,M,4,None
CHAR_SELECTED,1675353572155,N,4,None
CHAR_SELECTED,1675353572183,O,4,None
CHAR_SELECTED,1675353572231,P,4,None
CHAR_SELECTED,1675353572253,Q,4,None
CHAR_SELECTED,1675353572290,R,3,None
CHAR_SELECTED,1675353572684,S,5,None
CHAR_SELECTED,1675353572723,T,4,None
CHAR_SELECTED,1675353572782,U,4,None
CHAR_SELECTED,1675353574236,T,4,None
CHAR_SELECTED,1675353574263,S,4,None
CHAR_SELECTED,1675353574276,R,4,None
CHAR_SELECTED,1675353574324,Q,3,None
CHAR_SELECTED,1675353574662,P,4,None
CHAR_SELECTED,1675353574680,O,4,None
CHAR_SELECTED,1675353574726,N,4,None
CHAR_SELECTED,1675353574744,M,4,None
CHAR_SELECTED,1675353575216,L,4,None
CHAR_SELECTED,1675353575247,K,4,None
CHAR_SELECTED,1675353575746,J,4,None
CHAR_SELECTED,1675353575948,I,4,None
CHAR_SELECTED,1675353576002,H,4,None
CHAR_SELECTED,1675353576020,G,4,None
CHAR_SELECTED,1675353576039,F,4,None
CHAR_SELECTED,1675353576088,E,3,None
CHAR_SELECTED,1675353576146,D,2,None
CHAR_SELECTED,1675353576554,C,3,None
CHAR_SELECTED,1675353576582,B,2,None
CHAR_SELECTED,1675353577022,A,3,None
CHAR_SELECTED,1675353577048,0,4,None
CHAR_SELECTED,1675353577075,9,4,None
CHAR_SELECTED,1675353577123,8,3,None
CHAR_SELECTED,1675353577515,7,3,None
CHAR_SELECTED,1675353577540,6,3,None
CHAR_SELECTED,1675353577710,5,4,None
CHAR_CLICKED,1675353579088,5,None,None
CHAR_SELECTED,1675353579913,4,4,None
CHAR_SELECTED,1675353579978,3,4,None
CHAR_SELECTED,1675353580324,2,5,None
CHAR_SELECTED,1675353582270,1,5,None
CHAR_CLICKED,1675353584653,1,None,None
CHAR_SELECTED,1675353586763,2,5,None
CHAR_SELECTED,1675353586912,3,5,None
CHAR_SELECTED,1675353587038,4,4,None
CHAR_SELECTED,1675353587698,5,5,None
CHAR_SELECTED,1675353591349,6,5,None
CHAR_CLICKED,1675353594189,6,None,None
CHAR_SELECTED,1675353595423,7,5,None
CHAR_CLICKED,1675353597663,7,None,None
CHAR_SELECTED,1675353598649,6,3,None
CHAR_SELECTED,1675353598719,5,4,None
CHAR_SELECTED,1675353598790,4,5,None
CHAR_CLICKED,1675353600605,4,None,None
CHAR_SELECTED,1675353604730,5,5,None
CHAR_SELECTED,1675353604979,4,5,None
CHAR_SELECTED,1675353605000,3,5,None
CHAR_SELECTED,1675353605033,2,5,None
CHAR_SELECTED,1675353605534,1,4,None
CHAR_SELECTED,1675353605564,ENTER,4,None
CHAR_SELECTED,1675353605606,SPACE,5,None
CHAR_CLICKED,1675353606727,SPACE,None,None
CHAR_SELECTED,1675353608057,Z,4,None
CHAR_SELECTED,1675353608097,Y,4,None
CHAR_SELECTED,1675353608120,X,4,None
CHAR_SELECTED,1675353608178,W,4,None
CHAR_CLICKED,1675353610147,W,None,None
CHAR_SELECTED,1675353611654,V,4,None
CHAR_SELECTED,1675353611838,U,4,None
CHAR_SELECTED,1675353611926,T,4,None
CHAR_SELECTED,1675353611963,S,4,None
CHAR_SELECTED,1675353611986,R,4,None
CHAR_SELECTED,1675353612091,Q,3,None
CHAR_SELECTED,1675353612415,P,3,None
CHAR_SELECTED,1675353612517,O,4,None
CHAR_SELECTED,1675353612525,N,3,None
CHAR_SELECTED,1675353612548,M,2,None
CHAR_SELECTED,1675353612922,L,4,None
CHAR_SELECTED,1675353612937,K,4,None
CHAR_SELECTED,1675353612954,J,4,None
CHAR_SELECTED,1675353612986,I,4,None
CHAR_SELECTED,1675353613069,H,5,None
CHAR_SELECTED,1675353613197,G,5,None
CHAR_SELECTED,1675353613508,H,5,None
CHAR_SELECTED,1675353615387,I,4,None
CHAR_SELECTED,1675353615911,J,4,None
CHAR_SELECTED,1675353616979,I,7,None
CHAR_CLICKED,1675353618340,I,None,None
CHAR_SELECTED,1675353619642,H,4,None
CHAR_SELECTED,1675353619740,G,4,None
CHAR_SELECTED,1675353619868,F,5,None
CHAR_SELECTED,1675353620051,E,5,None
CHAR_CLICKED,1675353622025,E,None,None
CHAR_SELECTED,1675353623777,F,4,None
CHAR_SELECTED,1675353623859,G,4,None
CHAR_SELECTED,1675353625796,H,5,None
CHAR_CLICKED,1675353627336,H,None,None
CHAR_SELECTED,1675353629554,I,5,None
CHAR_SELECTED,1675353629619,J,4,None
CHAR_SELECTED,1675353629669,K,4,None
CHAR_SELECTED,1675353630804,L,5,None
CHAR_CLICKED,1675353631983,L,None,None
CHAR_SELECTED,1675353633283,M,4,None
CHAR_SELECTED,1675353633317,N,4,None
CHAR_SELECTED,1675353633395,O,4,None
CHAR_SELECTED,1675353633416,P,4,None
CHAR_SELECTED,1675353633455,Q,4,None
CHAR_SELECTED,1675353633480,R,3,None
CHAR_SELECTED,1675353633545,S,3,None
CHAR_SELECTED,1675353634044,T,4,None
CHAR_SELECTED,1675353634088,U,4,None
CHAR_SELECTED,1675353634119,V,4,None
CHAR_SELECTED,1675353634145,W,4,None
CHAR_SELECTED,1675353634179,X,4,None
CHAR_SELECTED,1675353634289,Y,3,None
CHAR_SELECTED,1675353634856,Z,4,None
CHAR_SELECTED,1675353634876,SPACE,4,None
CHAR_SELECTED,1675353634916,ENTER,4,None
CHAR_SELECTED,1675353634950,1,4,None
CHAR_SELECTED,1675353635354,ENTER,4,None
CHAR_SELECTED,1675353635456,SPACE,5,None
CHAR_SELECTED,1675353636316,ENTER,5,None
WORD_DONE,1675353638027,None,None,51674 Wiehl
WORD_NEXT,1675353638028,None,None,53119 Bonn
CHAR_SELECTED,1675353639570,SPACE,4,None
CHAR_SELECTED,1675353639664,Z,4,None
CHAR_SELECTED,1675353639685,Y,4,None
CHAR_SELECTED,1675353639700,X,4,None
CHAR_SELECTED,1675353639752,W,4,None
CHAR_SELECTED,1675353639814,V,5,None
CHAR_SELECTED,1675353640237,U,3,None
CHAR_SELECTED,1675353640282,T,3,None
CHAR_SELECTED,1675353640338,S,4,None
CHAR_SELECTED,1675353640376,R,4,None
CHAR_SELECTED,1675353640402,Q,2,None
CHAR_SELECTED,1675353640837,P,4,None
CHAR_SELECTED,1675353640880,O,4,None
CHAR_SELECTED,1675353640935,N,4,None
CHAR_SELECTED,1675353641376,M,3,None
CHAR_SELECTED,1675353641402,L,3,None
CHAR_SELECTED,1675353641442,K,4,None
CHAR_SELECTED,1675353641463,J,4,None
CHAR_SELECTED,1675353641555,I,2,None
CHAR_SELECTED,1675353641941,H,3,None
CHAR_SELECTED,1675353641968,G,3,None
CHAR_SELECTED,1675353642004,F,4,None
CHAR_SELECTED,1675353642039,E,4,None
CHAR_SELECTED,1675353642438,D,3,None
CHAR_SELECTED,1675353642544,C,4,None
CHAR_SELECTED,1675353642563,B,2,None
CHAR_SELECTED,1675353642975,A,4,None
CHAR_SELECTED,1675353643066,0,4,None
CHAR_SELECTED,1675353643165,9,4,None
CHAR_SELECTED,1675353643236,8,4,None
CHAR_SELECTED,1675353643371,7,4,None
CHAR_SELECTED,1675353643816,6,5,None
CHAR_SELECTED,1675353644132,5,6,None
CHAR_CLICKED,1675353645985,5,None,None
CHAR_SELECTED,1675353647888,4,5,None
CHAR_SELECTED,1675353648688,3,5,None
CHAR_CLICKED,1675353650630,3,None,None
CHAR_SELECTED,1675353651880,2,4,None
CHAR_SELECTED,1675353652184,1,4,None
CHAR_CLICKED,1675353653949,1,None,None
CHAR_CLICKED,1675353654359,1,None,None
CHAR_SELECTED,1675353655916,2,4,None
CHAR_SELECTED,1675353656444,3,4,None
CHAR_SELECTED,1675353656515,4,2,None
CHAR_SELECTED,1675353656544,5,2,None
CHAR_SELECTED,1675353657045,6,4,None
CHAR_SELECTED,1675353657078,7,3,None
CHAR_SELECTED,1675353657110,8,3,None
CHAR_SELECTED,1675353658514,9,3,None
CHAR_CLICKED,1675353660099,9,None,None
CHAR_SELECTED,1675353661272,8,4,None
CHAR_SELECTED,1675353661303,7,4,None
CHAR_SELECTED,1675353661344,6,4,None
CHAR_SELECTED,1675353661364,5,4,None
CHAR_SELECTED,1675353661414,4,4,None
CHAR_SELECTED,1675353661433,3,4,None
CHAR_SELECTED,1675353661473,2,4,None
CHAR_SELECTED,1675353661503,1,4,None
CHAR_SELECTED,1675353662735,ENTER,4,None
CHAR_SELECTED,1675353662917,SPACE,5,None
CHAR_SELECTED,1675353663106,Z,5,None
CHAR_SELECTED,1675353664365,SPACE,5,None
CHAR_SELECTED,1675353665006,ENTER,5,None
CHAR_SELECTED,1675353666731,SPACE,5,None
CHAR_CLICKED,1675353668351,SPACE,None,None
CHAR_SELECTED,1675353669853,ENTER,3,None
CHAR_SELECTED,1675353670555,1,4,None
CHAR_SELECTED,1675353670620,2,5,None
CHAR_SELECTED,1675353670688,3,4,None
CHAR_SELECTED,1675353670728,4,4,None
CHAR_SELECTED,1675353670748,5,4,None
CHAR_SELECTED,1675353670820,6,3,None
CHAR_SELECTED,1675353670848,7,3,None
CHAR_SELECTED,1675353670904,8,3,None
CHAR_SELECTED,1675353671480,9,4,None
CHAR_SELECTED,1675353671589,0,4,None
CHAR_SELECTED,1675353671621,A,4,None
CHAR_SELECTED,1675353671656,B,4,None
CHAR_SELECTED,1675353671680,C,4,None
CHAR_SELECTED,1675353671732,D,4,None
CHAR_SELECTED,1675353672222,C,4,None
CHAR_SELECTED,1675353674289,B,4,None
CHAR_CLICKED,1675353676413,B,None,None
CHAR_SELECTED,1675353678190,C,4,None
CHAR_SELECTED,1675353678341,D,4,None
CHAR_SELECTED,1675353678569,E,4,None
CHAR_SELECTED,1675353678837,F,4,None
CHAR_SELECTED,1675353679035,G,3,None
CHAR_SELECTED,1675353679140,H,3,None
CHAR_SELECTED,1675353680816,I,4,None
CHAR_SELECTED,1675353680835,J,4,None
CHAR_SELECTED,1675353680900,K,3,None
CHAR_SELECTED,1675353680951,L,3,None
CHAR_SELECTED,1675353681035,M,3,None
CHAR_SELECTED,1675353682897,N,4,None
CHAR_SELECTED,1675353683276,O,4,None
CHAR_CLICKED,1675353685189,O,None,None
CHAR_SELECTED,1675353686306,N,4,None
CHAR_SELECTED,1675353686897,M,4,None
CHAR_SELECTED,1675353690421,N,4,None
CHAR_SELECTED,1675353690856,O,3,None
CHAR_SELECTED,1675353691949,N,4,None
CHAR_CLICKED,1675353693002,N,None,None
CHAR_CLICKED,1675353693318,N,None,None
CHAR_SELECTED,1675353694354,O,4,None
CHAR_SELECTED,1675353694374,P,4,None
CHAR_SELECTED,1675353694433,Q,3,None
CHAR_SELECTED,1675353694452,R,3,None
CHAR_SELECTED,1675353694476,S,2,None
CHAR_SELECTED,1675353694514,T,2,None
CHAR_SELECTED,1675353694912,U,4,None
CHAR_SELECTED,1675353694985,V,4,None
CHAR_SELECTED,1675353695058,W,4,None
CHAR_SELECTED,1675353695180,X,4,None
CHAR_SELECTED,1675353695350,Y,3,None
CHAR_SELECTED,1675353695409,Z,3,None
CHAR_SELECTED,1675353695915,SPACE,4,None
CHAR_SELECTED,1675353695988,ENTER,4,None
WORD_DONE,1675353697067,None,None,53119 Bonn
WORD_NEXT,1675353697069,None,None,54290 Trier
CHAR_SELECTED,1675353698244,SPACE,4,None
CHAR_SELECTED,1675353698376,Z,4,None
CHAR_SELECTED,1675353698410,Y,4,None
CHAR_SELECTED,1675353698488,X,4,None
CHAR_SELECTED,1675353698513,W,4,None
CHAR_SELECTED,1675353698538,V,4,None
CHAR_SELECTED,1675353698748,W,4,None
CHAR_SELECTED,1675353698811,X,3,None
CHAR_SELECTED,1675353699273,Y,4,None
CHAR_SELECTED,1675353699377,Z,3,None
CHAR_SELECTED,1675353699400,SPACE,2,None
CHAR_SELECTED,1675353699453,ENTER,2,None
CHAR_SELECTED,1675353699472,1,4,None
CHAR_SELECTED,1675353700005,2,4,None
CHAR_SELECTED,1675353700075,3,4,None
CHAR_SELECTED,1675353700110,4,4,None
CHAR_SELECTED,1675353700205,5,4,None
CHAR_CLICKED,1675353701516,5,None,None
CHAR_SELECTED,1675353702633,4,4,None
CHAR_SELECTED,1675353702928,3,4,None
CHAR_SELECTED,1675353703960,4,4,None
CHAR_CLICKED,1675353705965,4,None,None
CHAR_SELECTED,1675353708158,3,4,None
CHAR_SELECTED,1675353708402,2,4,None
CHAR_CLICKED,1675353710301,2,None,None
CHAR_SELECTED,1675353711816,3,4,None
CHAR_SELECTED,1675353711882,4,4,None
CHAR_SELECTED,1675353711923,5,3,None
CHAR_SELECTED,1675353711949,6,3,None
CHAR_SELECTED,1675353712083,7,3,None
CHAR_SELECTED,1675353712390,8,3,None
CHAR_SELECTED,1675353713152,9,4,None
CHAR_CLICKED,1675353714958,9,None,None
CHAR_SELECTED,1675353716201,0,4,None
CHAR_CLICKED,1675353717564,0,None,None
CHAR_SELECTED,1675353719871,9,3,None
CHAR_SELECTED,1675353719920,8,3,None
CHAR_SELECTED,1675353719937,7,4,None
CHAR_SELECTED,1675353719973,6,4,None
CHAR_SELECTED,1675353720007,5,4,None
CHAR_SELECTED,1675353720074,4,4,None
CHAR_SELECTED,1675353720540,3,3,None
CHAR_SELECTED,1675353720581,2,3,None
CHAR_SELECTED,1675353720614,1,4,None
CHAR_SELECTED,1675353720700,ENTER,4,None
CHAR_SELECTED,1675353722067,SPACE,4,None
CHAR_CLICKED,1675353723360,SPACE,None,None
CHAR_SELECTED,1675353724445,Z,3,None
CHAR_SELECTED,1675353724464,Y,4,None
CHAR_SELECTED,1675353724502,X,4,None
CHAR_SELECTED,1675353724531,W,4,None
CHAR_SELECTED,1675353724572,V,4,None
CHAR_SELECTED,1675353724645,U,4,None
CHAR_SELECTED,1675353725334,T,4,None
CHAR_CLICKED,1675353726431,T,None,None
CHAR_SELECTED,1675353727560,S,3,None
CHAR_SELECTED,1675353727996,R,3,None
CHAR_CLICKED,1675353729489,R,None,None
CHAR_SELECTED,1675353730560,Q,4,None
CHAR_SELECTED,1675353730585,P,4,None
CHAR_SELECTED,1675353730632,O,4,None
CHAR_SELECTED,1675353730650,N,4,None
CHAR_SELECTED,1675353730730,M,4,None
CHAR_SELECTED,1675353730804,L,4,None
CHAR_SELECTED,1675353730950,K,4,None
CHAR_SELECTED,1675353731516,J,4,None
CHAR_SELECTED,1675353734380,I,4,None
CHAR_CLICKED,1675353735979,I,None,None
CHAR_SELECTED,1675353738012,H,4,None
CHAR_SELECTED,1675353738108,G,4,None
CHAR_SELECTED,1675353738336,F,4,None
CHAR_SELECTED,1675353739971,E,4,None
CHAR_CLICKED,1675353742336,E,None,None
CHAR_SELECTED,1675353744238,F,4,None
CHAR_SELECTED,1675353744537,G,3,None
CHAR_SELECTED,1675353744776,H,3,None
CHAR_SELECTED,1675353744898,I,3,None
CHAR_SELECTED,1675353745532,J,4,None
CHAR_SELECTED,1675353745603,K,4,None
CHAR_SELECTED,1675353745629,L,4,None
CHAR_SELECTED,1675353745699,M,3,None
CHAR_SELECTED,1675353745735,N,3,None
CHAR_SELECTED,1675353745827,O,2,None
CHAR_SELECTED,1675353746327,P,4,None
CHAR_SELECTED,1675353746458,Q,4,None
CHAR_SELECTED,1675353746962,R,4,None
CHAR_CLICKED,1675353748062,R,None,None
CHAR_SELECTED,1675353749184,S,4,None
CHAR_SELECTED,1675353749257,T,4,None
CHAR_SELECTED,1675353749290,U,3,None
CHAR_SELECTED,1675353749333,V,3,None
CHAR_SELECTED,1675353749353,W,3,None
CHAR_SELECTED,1675353749392,X,3,None
CHAR_SELECTED,1675353749426,Y,3,None
CHAR_SELECTED,1675353749488,Z,2,None
CHAR_SELECTED,1675353750130,SPACE,4,None
CHAR_SELECTED,1675353750219,ENTER,4,None
CHAR_SELECTED,1675353750493,1,4,None
CHAR_SELECTED,1675353751517,ENTER,4,None
WORD_DONE,1675353752725,None,None,54290 Trier
WORD_NEXT,1675353752729,None,None,Navi
CHAR_SELECTED,1675353753812,SPACE,3,None
CHAR_SELECTED,1675353753860,Z,4,None
CHAR_SELECTED,1675353753916,Y,4,None
CHAR_SELECTED,1675353753958,X,4,None
CHAR_SELECTED,1675353754022,W,4,None
CHAR_SELECTED,1675353754044,V,4,None
CHAR_SELECTED,1675353754214,U,3,None
CHAR_SELECTED,1675353754716,T,4,None
CHAR_SELECTED,1675353754752,S,4,None
CHAR_SELECTED,1675353754788,R,4,None
CHAR_SELECTED,1675353754810,Q,4,None
CHAR_SELECTED,1675353754887,P,4,None
CHAR_SELECTED,1675353755377,O,4,None
CHAR_SELECTED,1675353755486,N,4,None
CHAR_CLICKED,1675353756812,N,None,None
CHAR_SELECTED,1675353758072,M,4,None
CHAR_SELECTED,1675353758121,L,4,None
CHAR_SELECTED,1675353758140,K,4,None
CHAR_SELECTED,1675353758201,J,4,None
CHAR_SELECTED,1675353758218,I,4,None
CHAR_SELECTED,1675353758280,H,2,None
CHAR_SELECTED,1675353758572,G,3,None
CHAR_SELECTED,1675353758615,F,4,None
CHAR_SELECTED,1675353758636,E,4,None
CHAR_SELECTED,1675353758686,D,4,None
CHAR_SELECTED,1675353758707,C,4,None
CHAR_SELECTED,1675353759112,B,4,None
CHAR_SELECTED,1675353760139,A,5,None
CHAR_CLICKED,1675353762483,A,None,None
CHAR_SELECTED,1675353763674,B,5,None
CHAR_SELECTED,1675353763739,C,4,None
CHAR_SELECTED,1675353763841,D,3,None
CHAR_SELECTED,1675353763861,E,3,None
CHAR_SELECTED,1675353763902,F,3,None
CHAR_SELECTED,1675353763931,G,3,None
CHAR_SELECTED,1675353763971,H,4,None
CHAR_SELECTED,1675353764631,I,3,None
CHAR_SELECTED,1675353764673,J,2,None
CHAR_SELECTED,1675353764692,K,2,None
CHAR_SELECTED,1675353764737,L,2,None
CHAR_SELECTED,1675353764761,M,2,None
CHAR_SELECTED,1675353764800,N,2,None
CHAR_SELECTED,1675353764827,O,2,None
CHAR_SELECTED,1675353764873,P,2,None
CHAR_SELECTED,1675353765360,Q,4,None
CHAR_SELECTED,1675353765571,R,2,None
CHAR_SELECTED,1675353766206,S,4,None
CHAR_SELECTED,1675353766298,T,4,None
CHAR_SELECTED,1675353766726,U,4,None
CHAR_SELECTED,1675353767091,V,4,None
CHAR_CLICKED,1675353768478,V,None,None
CHAR_SELECTED,1675353769453,U,3,None
CHAR_SELECTED,1675353769496,T,3,None
CHAR_SELECTED,1675353769517,S,3,None
CHAR_SELECTED,1675353769622,R,4,None
CHAR_SELECTED,1675353769662,Q,4,None
CHAR_SELECTED,1675353769686,P,3,None
CHAR_SELECTED,1675353769727,O,2,None
CHAR_SELECTED,1675353770121,N,3,None
CHAR_SELECTED,1675353770186,M,4,None
CHAR_SELECTED,1675353770225,L,4,None
CHAR_SELECTED,1675353770250,K,4,None
CHAR_SELECTED,1675353770294,J,4,None
CHAR_SELECTED,1675353770320,I,4,None
CHAR_SELECTED,1675353770356,H,5,None
CHAR_SELECTED,1675353770383,G,5,None
CHAR_SELECTED,1675353770418,F,4,None
CHAR_SELECTED,1675353771092,G,4,None
CHAR_SELECTED,1675353771159,H,4,None
CHAR_SELECTED,1675353774793,I,4,None
CHAR_CLICKED,1675353777005,I,None,None
CHAR_SELECTED,1675353778751,J,4,None
CHAR_SELECTED,1675353778871,K,2,None
CHAR_SELECTED,1675353778920,L,2,None
CHAR_SELECTED,1675353778937,M,2,None
CHAR_SELECTED,1675353779392,N,4,None
CHAR_SELECTED,1675353779411,O,4,None
CHAR_SELECTED,1675353779440,P,4,None
CHAR_SELECTED,1675353779475,Q,4,None
CHAR_SELECTED,1675353779506,R,4,None
CHAR_SELECTED,1675353779547,S,3,None
CHAR_SELECTED,1675353780006,T,4,None
CHAR_SELECTED,1675353780039,U,4,None
CHAR_SELECTED,1675353780079,V,4,None
CHAR_SELECTED,1675353780101,W,4,None
CHAR_SELECTED,1675353780142,X,4,None
CHAR_SELECTED,1675353780295,Y,4,None
CHAR_SELECTED,1675353780437,Z,3,None
CHAR_SELECTED,1675353780503,SPACE,3,None
CHAR_SELECTED,1675353780573,ENTER,3,None
WORD_DONE,1675353781660,None,None,Navi
WORD_NEXT,1675353781661,None,None,Strasse
CHAR_SELECTED,1675353782675,SPACE,3,None
CHAR_SELECTED,1675353782697,Z,3,None
CHAR_SELECTED,1675353782741,Y,4,None
CHAR_SELECTED,1675353782767,X,4,None
CHAR_SELECTED,1675353782806,W,4,None
CHAR_SELECTED,1675353782830,V,4,None
CHAR_SELECTED,1675353782885,U,4,None
CHAR_SELECTED,1675353783563,T,3,None
CHAR_SELECTED,1675353783608,S,3,None
CHAR_SELECTED,1675353783629,R,3,None
CHAR_SELECTED,1675353783673,Q,4,None
CHAR_SELECTED,1675353783699,P,4,None
CHAR_SELECTED,1675353783735,O,4,None
CHAR_SELECTED,1675353784344,N,3,None
CHAR_SELECTED,1675353784364,M,4,None
CHAR_SELECTED,1675353784400,L,4,None
CHAR_SELECTED,1675353784439,K,4,None
CHAR_SELECTED,1675353784460,J,4,None
CHAR_SELECTED,1675353784569,I,2,None
CHAR_SELECTED,1675353785163,J,4,None
CHAR_SELECTED,1675353785228,K,3,None
CHAR_SELECTED,1675353785270,L,2,None
CHAR_SELECTED,1675353785306,M,2,None
CHAR_SELECTED,1675353785628,N,4,None
CHAR_SELECTED,1675353785664,O,4,None
CHAR_SELECTED,1675353785698,P,4,None
CHAR_SELECTED,1675353785770,Q,2,None
CHAR_SELECTED,1675353786097,R,5,None
CHAR_SELECTED,1675353786258,S,5,None
CHAR_CLICKED,1675353787564,S,None,None
CHAR_SELECTED,1675353788892,T,4,None
CHAR_CLICKED,1675353790471,T,None,None
CHAR_SELECTED,1675353792059,U,4,None
CHAR_SELECTED,1675353792616,T,4,None
CHAR_SELECTED,1675353792729,S,5,None
CHAR_SELECTED,1675353793445,R,4,None
CHAR_SELECTED,1675353793496,Q,4,None
CHAR_SELECTED,1675353793518,P,4,None
CHAR_SELECTED,1675353793551,O,4,None
CHAR_SELECTED,1675353793589,N,4,None
CHAR_SELECTED,1675353793614,M,4,None
CHAR_SELECTED,1675353794147,N,4,None
CHAR_SELECTED,1675353794187,O,4,None
CHAR_SELECTED,1675353794210,P,4,None
CHAR_SELECTED,1675353794916,Q,4,None
CHAR_SELECTED,1675353796645,R,4,None
CHAR_SELECTED,1675353797080,S,3,None
CHAR_SELECTED,1675353797940,R,4,None
CHAR_CLICKED,1675353799298,R,None,None
CHAR_SELECTED,1675353800336,Q,3,None
CHAR_SELECTED,1675353800491,P,4,None
CHAR_SELECTED,1675353800509,O,4,None
CHAR_SELECTED,1675353800534,N,4,None
CHAR_SELECTED,1675353800567,M,3,None
CHAR_SELECTED,1675353801037,L,4,None
CHAR_SELECTED,1675353801079,K,4,None
CHAR_SELECTED,1675353801100,J,4,None
CHAR_SELECTED,1675353801142,I,3,None
CHAR_SELECTED,1675353801167,H,3,None
CHAR_SELECTED,1675353801467,G,3,None
CHAR_SELECTED,1675353801537,F,4,None
CHAR_SELECTED,1675353801570,E,4,None
CHAR_SELECTED,1675353801603,D,4,None
CHAR_SELECTED,1675353801650,C,4,None
CHAR_SELECTED,1675353801671,B,4,None
CHAR_SELECTED,1675353802383,A,4,None
CHAR_CLICKED,1675353803606,A,None,None
CHAR_SELECTED,1675353804603,B,4,None
CHAR_SELECTED,1675353804633,C,4,None
CHAR_SELECTED,1675353804666,D,3,None
CHAR_SELECTED,1675353804699,E,3,None
CHAR_SELECTED,1675353804728,F,3,None
CHAR_SELECTED,1675353805309,G,4,None
CHAR_SELECTED,1675353805368,H,4,None
CHAR_SELECTED,1675353805397,I,4,None
CHAR_SELECTED,1675353805426,J,3,None
CHAR_SELECTED,1675353805505,K,2,None
CHAR_SELECTED,1675353805840,L,4,None
CHAR_SELECTED,1675353805908,M,4,None
CHAR_SELECTED,1675353805929,N,4,None
CHAR_SELECTED,1675353806224,O,3,None
CHAR_SELECTED,1675353806294,P,4,None
CHAR_SELECTED,1675353806631,Q,4,None
CHAR_SELECTED,1675353806695,R,4,None
CHAR_SELECTED,1675353806734,S,4,None
CHAR_CLICKED,1675353807931,S,None,None
CHAR_CLICKED,1675353808204,S,None,None
CHAR_SELECTED,1675353809152,R,3,None
CHAR_SELECTED,1675353809228,Q,3,None
CHAR_SELECTED,1675353809327,P,4,None
CHAR_SELECTED,1675353809768,Q,4,None
CHAR_SELECTED,1675353810623,P,4,None
CHAR_SELECTED,1675353810698,O,4,None
CHAR_SELECTED,1675353810755,N,4,None
CHAR_SELECTED,1675353810823,M,4,None
CHAR_SELECTED,1675353810967,L,4,None
CHAR_SELECTED,1675353812189,K,4,None
CHAR_SELECTED,1675353812217,J,4,None
CHAR_SELECTED,1675353812294,I,4,None
CHAR_SELECTED,1675353812367,H,4,None
CHAR_SELECTED,1675353812389,G,4,None
CHAR_SELECTED,1675353812914,F,4,None
CHAR_SELECTED,1675353813121,E,4,None
CHAR_CLICKED,1675353814484,E,None,None
CHAR_SELECTED,1675353815443,F,4,None
CHAR_SELECTED,1675353815511,G,3,None
CHAR_SELECTED,1675353815555,H,3,None
CHAR_SELECTED,1675353815576,I,3,None
CHAR_SELECTED,1675353815626,J,2,None
CHAR_SELECTED,1675353815941,K,3,None
CHAR_SELECTED,1675353815988,L,3,None
CHAR_SELECTED,1675353816014,M,3,None
CHAR_SELECTED,1675353816043,N,2,None
CHAR_SELECTED,1675353816473,O,2,None
CHAR_SELECTED,1675353816516,P,2,None
CHAR_SELECTED,1675353816917,Q,3,None
CHAR_SELECTED,1675353816941,R,3,None
CHAR_SELECTED,1675353816989,S,3,None
CHAR_SELECTED,1675353817009,T,2,None
CHAR_SELECTED,1675353817504,U,4,None
CHAR_SELECTED,1675353817745,V,4,None
CHAR_SELECTED,1675353817946,W,4,None
CHAR_SELECTED,1675353818120,X,4,None
CHAR_SELECTED,1675353818240,Y,2,None
CHAR_SELECTED,1675353818442,Z,2,None
CHAR_SELECTED,1675353819517,SPACE,4,None
CHAR_SELECTED,1675353819572,ENTER,4,None
WORD_DONE,1675353820871,None,None,Strasse
WORD_NEXT,1675353820872,None,None,Auto
CHAR_SELECTED,1675353822015,SPACE,2,None
CHAR_SELECTED,1675353822038,Z,3,None
CHAR_SELECTED,1675353822135,Y,4,None
CHAR_SELECTED,1675353822172,X,4,None
CHAR_SELECTED,1675353822199,W,4,None
CHAR_SELECTED,1675353822243,V,3,None
CHAR_SELECTED,1675353822266,U,2,None
CHAR_SELECTED,1675353822467,T,2,None
CHAR_SELECTED,1675353822508,S,3,None
CHAR_SELECTED,1675353822598,R,3,None
CHAR_SELECTED,1675353822639,Q,3,None
CHAR_SELECTED,1675353822670,P,3,None
CHAR_SELECTED,1675353823302,O,3,None
CHAR_SELECTED,1675353823334,N,4,None
CHAR_SELECTED,1675353823371,M,4,None
CHAR_SELECTED,1675353823400,L,4,None
CHAR_SELECTED,1675353823433,K,4,None
CHAR_SELECTED,1675353823468,J,5,None
CHAR_SELECTED,1675353823600,I,2,None
CHAR_SELECTED,1675353823970,H,3,None
CHAR_SELECTED,1675353824033,G,4,None
CHAR_SELECTED,1675353824067,F,4,None
CHAR_SELECTED,1675353824106,E,4,None
CHAR_SELECTED,1675353824170,D,4,None
CHAR_SELECTED,1675353824267,C,4,None
CHAR_SELECTED,1675353824525,B,6,None
CHAR_SELECTED,1675353824779,A,5,None
CHAR_CLICKED,1675353826223,A,None,None
CHAR_SELECTED,1675353827661,B,4,None
CHAR_SELECTED,1675353827729,C,4,None
CHAR_SELECTED,1675353827756,D,4,None
CHAR_SELECTED,1675353827800,E,3,None
CHAR_SELECTED,1675353827822,F,3,None
CHAR_SELECTED,1675353827865,G,3,None
CHAR_SELECTED,1675353827889,H,3,None
CHAR_SELECTED,1675353827926,I,3,None
CHAR_SELECTED,1675353828739,J,4,None
CHAR_SELECTED,1675353828785,K,4,None
CHAR_SELECTED,1675353828885,L,2,None
CHAR_SELECTED,1675353828938,M,3,None
CHAR_SELECTED,1675353828970,N,2,None
CHAR_SELECTED,1675353828984,O,2,None
CHAR_SELECTED,1675353829037,P,2,None
CHAR_SELECTED,1675353829524,Q,4,None
CHAR_SELECTED,1675353829568,R,4,None
CHAR_SELECTED,1675353829589,S,4,None
CHAR_SELECTED,1675353829668,T,3,None
CHAR_SELECTED,1675353829687,U,3,None
CHAR_SELECTED,1675353829726,V,2,None
CHAR_SELECTED,1675353829766,W,2,None
CHAR_SELECTED,1675353829785,X,2,None
CHAR_SELECTED,1675353829826,Y,2,None
CHAR_SELECTED,1675353829855,Z,2,None
CHAR_SELECTED,1675353830331,Y,3,None
CHAR_SELECTED,1675353830400,X,4,None
CHAR_SELECTED,1675353830425,W,4,None
CHAR_SELECTED,1675353830502,V,4,None
CHAR_SELECTED,1675353831189,U,5,None
CHAR_CLICKED,1675353832435,U,None,None
CHAR_SELECTED,1675353833632,T,3,None
CHAR_SELECTED,1675353833749,S,4,None
CHAR_SELECTED,1675353833877,R,4,None
CHAR_SELECTED,1675353834778,S,5,None
CHAR_SELECTED,1675353835183,T,4,None
CHAR_CLICKED,1675353836681,T,None,None
CHAR_SELECTED,1675353839446,S,3,None
CHAR_SELECTED,1675353839571,R,4,None
CHAR_SELECTED,1675353839685,Q,4,None
CHAR_SELECTED,1675353839770,P,4,None
CHAR_SELECTED,1675353841649,O,4,None
CHAR_CLICKED,1675353843234,O,None,None
CHAR_SELECTED,1675353844213,P,4,None
CHAR_SELECTED,1675353844235,Q,4,None
CHAR_SELECTED,1675353844265,R,4,None
CHAR_SELECTED,1675353844298,S,3,None
CHAR_SELECTED,1675353844364,T,2,None
CHAR_SELECTED,1675353844399,U,2,None
CHAR_SELECTED,1675353844827,V,4,None
CHAR_SELECTED,1675353844895,W,4,None
CHAR_SELECTED,1675353845002,X,4,None
CHAR_SELECTED,1675353845300,Y,4,None
CHAR_SELECTED,1675353845360,Z,4,None
CHAR_SELECTED,1675353845437,SPACE,4,None
CHAR_SELECTED,1675353846370,ENTER,4,None
WORD_DONE,1675353847669,None,None,Auto
WORD_NEXT,1675353847670,None,None,Tanken
CHAR_SELECTED,1675353848641,SPACE,3,None
CHAR_SELECTED,1675353848685,Z,3,None
CHAR_SELECTED,1675353848754,Y,3,None
CHAR_SELECTED,1675353848828,X,4,None
CHAR_SELECTED,1675353848856,W,4,None
CHAR_SELECTED,1675353848926,V,4,None
CHAR_SELECTED,1675353848988,U,4,None
CHAR_SELECTED,1675353849044,T,4,None
CHAR_SELECTED,1675353849155,S,3,None
CHAR_SELECTED,1675353850023,T,4,None
CHAR_CLICKED,1675353852134,T,None,None
CHAR_SELECTED,1675353854353,S,3,None
CHAR_SELECTED,1675353854418,R,4,None
CHAR_SELECTED,1675353854458,Q,4,None
CHAR_SELECTED,1675353854477,P,4,None
CHAR_SELECTED,1675353854544,O,4,None
CHAR_SELECTED,1675353854586,N,4,None
CHAR_SELECTED,1675353854609,M,3,None
CHAR_SELECTED,1675353854664,L,4,None
CHAR_SELECTED,1675353854884,K,2,None
CHAR_SELECTED,1675353854910,J,3,None
CHAR_SELECTED,1675353854952,I,4,None
CHAR_SELECTED,1675353855017,H,4,None
CHAR_SELECTED,1675353855046,G,4,None
CHAR_SELECTED,1675353855090,F,3,None
CHAR_SELECTED,1675353855486,E,4,None
CHAR_SELECTED,1675353855490,D,4,None
CHAR_SELECTED,1675353855518,C,4,None
CHAR_SELECTED,1675353855540,B,4,None
CHAR_SELECTED,1675353855646,A,5,None
CHAR_CLICKED,1675353856889,A,None,None
CHAR_SELECTED,1675353858040,B,5,None
CHAR_SELECTED,1675353858075,C,5,None
CHAR_SELECTED,1675353858143,D,4,None
CHAR_SELECTED,1675353858172,E,4,None
CHAR_SELECTED,1675353858210,F,4,None
CHAR_SELECTED,1675353858238,G,2,None
CHAR_SELECTED,1675353859042,H,4,None
CHAR_SELECTED,1675353859075,I,4,None
CHAR_SELECTED,1675353859154,J,4,None
CHAR_SELECTED,1675353859205,K,4,None
CHAR_SELECTED,1675353859351,L,4,None
CHAR_SELECTED,1675353859512,M,4,None
CHAR_SELECTED,1675353859809,N,4,None
CHAR_CLICKED,1675353861362,N,None,None
CHAR_SELECTED,1675353863204,O,4,None
CHAR_SELECTED,1675353863737,P,4,None
CHAR_SELECTED,1675353865991,O,4,None
CHAR_SELECTED,1675353866029,N,4,None
CHAR_SELECTED,1675353866091,M,4,None
CHAR_SELECTED,1675353866144,L,4,None
CHAR_SELECTED,1675353867958,K,4,None
CHAR_CLICKED,1675353869358,K,None,None
CHAR_SELECTED,1675353870602,J,4,None
CHAR_SELECTED,1675353870691,I,4,None
CHAR_SELECTED,1675353870729,H,4,None
CHAR_SELECTED,1675353870750,G,4,None
CHAR_SELECTED,1675353870793,F,4,None
CHAR_SELECTED,1675353870852,E,4,None
CHAR_CLICKED,1675353872900,E,None,None
CHAR_SELECTED,1675353874793,F,4,None
CHAR_SELECTED,1675353874995,G,4,None
CHAR_SELECTED,1675353875117,H,4,None
CHAR_SELECTED,1675353875211,I,4,None
CHAR_SELECTED,1675353875874,J,4,None
CHAR_SELECTED,1675353876063,K,5,None
CHAR_SELECTED,1675353876480,L,4,None
CHAR_SELECTED,1675353876708,M,3,None
CHAR_SELECTED,1675353879139,N,4,None
CHAR_CLICKED,1675353881279,N,None,None
CHAR_SELECTED,1675353882339,O,2,None
CHAR_SELECTED,1675353882372,P,2,None
CHAR_SELECTED,1675353882398,Q,3,None
CHAR_SELECTED,1675353882898,R,4,None
CHAR_SELECTED,1675353882935,S,4,None
CHAR_SELECTED,1675353883006,T,4,None
CHAR_SELECTED,1675353883110,U,3,None
CHAR_SELECTED,1675353883265,V,3,None
CHAR_SELECTED,1675353883468,W,3,None
CHAR_SELECTED,1675353883603,X,3,None
CHAR_SELECTED,1675353883745,Y,3,None
CHAR_SELECTED,1675353883871,Z,2,None
CHAR_SELECTED,1675353884111,SPACE,2,None
CHAR_SELECTED,1675353885565,ENTER,5,None
WORD_DONE,1675353887099,None,None,Tanken
WORD_NEXT,1675353887100,None,None,57462 Olpe
CHAR_SELECTED,1675353888527,SPACE,3,None
CHAR_SELECTED,1675353888604,Z,4,None
CHAR_SELECTED,1675353888623,Y,4,None
CHAR_SELECTED,1675353888691,X,4,None
CHAR_SELECTED,1675353888730,W,4,None
CHAR_SELECTED,1675353888837,V,3,None
CHAR_SELECTED,1675353889188,U,3,None
CHAR_SELECTED,1675353889225,T,3,None
CHAR_SELECTED,1675353889258,S,4,None
CHAR_SELECTED,1675353889290,R,4,None
CHAR_SELECTED,1675353889424,S,4,None
CHAR_SELECTED,1675353889457,T,3,None
CHAR_SELECTED,1675353889487,U,3,None
CHAR_SELECTED,1675353889856,V,2,None
CHAR_SELECTED,1675353889893,W,3,None
CHAR_SELECTED,1675353889923,X,3,None
CHAR_SELECTED,1675353889951,Y,2,None
CHAR_SELECTED,1675353890262,Z,3,None
CHAR_SELECTED,1675353890289,SPACE,3,None
CHAR_SELECTED,1675353890354,ENTER,3,None
CHAR_SELECTED,1675353890394,1,2,None
CHAR_SELECTED,1675353890418,2,2,None
CHAR_SELECTED,1675353890461,3,2,None
CHAR_SELECTED,1675353890954,4,4,None
CHAR_SELECTED,1675353891027,5,4,None
CHAR_SELECTED,1675353891117,6,4,None
CHAR_SELECTED,1675353891667,5,4,None
CHAR_CLICKED,1675353893149,5,None,None
CHAR_SELECTED,1675353894120,6,4,None
CHAR_SELECTED,1675353894411,7,4,None
CHAR_CLICKED,1675353896544,7,None,None
CHAR_SELECTED,1675353897420,6,3,None
CHAR_SELECTED,1675353897484,5,3,None
CHAR_SELECTED,1675353897507,4,3,None
CHAR_SELECTED,1675353897608,3,4,None
CHAR_SELECTED,1675353898313,4,4,None
CHAR_CLICKED,1675353899726,4,None,None
CHAR_SELECTED,1675353901277,5,4,None
CHAR_SELECTED,1675353901653,6,4,None
CHAR_CLICKED,1675353903243,6,None,None
CHAR_SELECTED,1675353904209,5,3,None
CHAR_SELECTED,1675353904296,4,3,None
CHAR_SELECTED,1675353904532,3,4,None
CHAR_SELECTED,1675353906968,2,5,None
CHAR_CLICKED,1675353909392,2,None,None
CHAR_SELECTED,1675353914117,3,4,None
CHAR_SELECTED,1675353914258,4,4,None
CHAR_SELECTED,1675353914357,5,4,None
CHAR_SELECTED,1675353914596,4,4,None
CHAR_SELECTED,1675353914624,3,4,None
CHAR_SELECTED,1675353914643,2,4,None
CHAR_SELECTED,1675353914694,1,4,None
CHAR_SELECTED,1675353914741,ENTER,4,None
CHAR_SELECTED,1675353914844,SPACE,4,None
CHAR_SELECTED,1675353914981,Z,4,None
CHAR_SELECTED,1675353915473,SPACE,4,None
CHAR_CLICKED,1675353916899,SPACE,None,None
CHAR_SELECTED,1675353918113,Z,4,None
CHAR_SELECTED,1675353918172,Y,4,None
CHAR_SELECTED,1675353918311,X,4,None
CHAR_SELECTED,1675353918550,W,5,None
CHAR_SELECTED,1675353918903,V,5,None
CHAR_SELECTED,1675353918971,U,5,None
CHAR_SELECTED,1675353919046,T,5,None
CHAR_SELECTED,1675353919173,S,5,None
CHAR_SELECTED,1675353920372,R,4,None
CHAR_SELECTED,1675353920474,Q,5,None
CHAR_SELECTED,1675353920999,P,5,None
CHAR_SELECTED,1675353923335,O,5,None
CHAR_CLICKED,1675353925413,O,None,None
CHAR_SELECTED,1675353927432,N,4,None
CHAR_SELECTED,1675353927509,M,4,None
CHAR_SELECTED,1675353928091,L,5,None
CHAR_CLICKED,1675353929885,L,None,None
CHAR_SELECTED,1675353931092,M,3,None
CHAR_SELECTED,1675353931160,N,3,None
CHAR_SELECTED,1675353931287,O,3,None
CHAR_SELECTED,1675353931496,P,3,None
CHAR_CLICKED,1675353934682,P,None,None
CHAR_SELECTED,1675353936356,O,3,None
CHAR_SELECTED,1675353936399,N,4,None
CHAR_SELECTED,1675353936412,M,4,None
CHAR_SELECTED,1675353936446,L,4,None
CHAR_SELECTED,1675353936511,K,4,None
CHAR_SELECTED,1675353937206,J,3,None
CHAR_SELECTED,1675353937385,I,4,None
CHAR_SELECTED,1675353937610,H,4,None
CHAR_SELECTED,1675353937740,G,4,None
CHAR_SELECTED,1675353937982,F,4,None
CHAR_SELECTED,1675353939505,E,4,None
CHAR_SELECTED,1675353939978,D,4,None
CHAR_SELECTED,1675353942035,E,5,None
CHAR_CLICKED,1675353944231,E,None,None
CHAR_SELECTED,1675353945264,F,4,None
CHAR_SELECTED,1675353945306,G,4,None
CHAR_SELECTED,1675353945327,H,4,None
CHAR_SELECTED,1675353945398,I,4,None
CHAR_SELECTED,1675353945430,J,4,None
CHAR_SELECTED,1675353945463,K,4,None
CHAR_SELECTED,1675353945502,L,4,None
CHAR_SELECTED,1675353945570,M,2,None
CHAR_SELECTED,1675353945594,N,2,None
CHAR_SELECTED,1675353945639,O,3,None
CHAR_SELECTED,1675353946229,P,4,None
CHAR_SELECTED,1675353946265,Q,4,None
CHAR_SELECTED,1675353946290,R,4,None
CHAR_SELECTED,1675353946357,S,4,None
CHAR_SELECTED,1675353946395,T,4,None
CHAR_SELECTED,1675353946423,U,4,None
CHAR_SELECTED,1675353946479,V,3,None
CHAR_SELECTED,1675353946532,W,3,None
CHAR_SELECTED,1675353946559,X,2,None
CHAR_SELECTED,1675353946596,Y,2,None
CHAR_SELECTED,1675353946622,Z,2,None
CHAR_SELECTED,1675353947258,SPACE,4,None
CHAR_SELECTED,1675353947373,ENTER,4,None
CHAR_SELECTED,1675353947453,1,4,None
CHAR_SELECTED,1675353947924,ENTER,4,None
WORD_DONE,1675353949301,None,None,57462 Olpe
WORD_NEXT,1675353949303,None,None,51063 Koeln
CHAR_SELECTED,1675353951360,SPACE,3,None
CHAR_SELECTED,1675353951420,Z,4,None
CHAR_SELECTED,1675353951482,Y,4,None
CHAR_SELECTED,1675353951560,X,4,None
CHAR_SELECTED,1675353951625,W,5,None
CHAR_SELECTED,1675353952159,V,3,None
CHAR_SELECTED,1675353952182,U,4,None
CHAR_SELECTED,1675353952416,V,4,None
CHAR_SELECTED,1675353952489,W,3,None
CHAR_SELECTED,1675353952862,X,4,None
CHAR_SELECTED,1675353952883,Y,3,None
CHAR_SELECTED,1675353952930,Z,3,None
CHAR_SELECTED,1675353952947,SPACE,2,None
CHAR_SELECTED,1675353953610,ENTER,4,None
CHAR_SELECTED,1675353953664,1,4,None
CHAR_SELECTED,1675353953760,2,4,None
CHAR_SELECTED,1675353953994,3,4,None
CHAR_SELECTED,1675353954907,4,3,None
CHAR_SELECTED,1675353956751,5,4,None
CHAR_SELECTED,1675353956947,6,4,None
CHAR_SELECTED,1675353960678,5,4,None
CHAR_CLICKED,1675353961756,5,None,None
CHAR_SELECTED,1675353962762,4,3,None
CHAR_SELECTED,1675353962868,3,4,None
CHAR_SELECTED,1675353963072,2,4,None
CHAR_SELECTED,1675353965932,1,4,None
CHAR_CLICKED,1675353967562,1,None,None
CHAR_SELECTED,1675353968640,2,5,None
CHAR_SELECTED,1675353968688,3,5,None
CHAR_SELECTED,1675353968735,4,5,None
CHAR_SELECTED,1675353968792,5,4,None
CHAR_SELECTED,1675353968862,6,4,None
CHAR_SELECTED,1675353968917,7,4,None
CHAR_SELECTED,1675353968988,8,4,None
CHAR_SELECTED,1675353969191,9,3,None
CHAR_SELECTED,1675353969340,0,3,None
CHAR_CLICKED,1675353970919,0,None,None
CHAR_SELECTED,1675353972456,9,4,None
CHAR_SELECTED,1675353972547,8,5,None
CHAR_SELECTED,1675353972698,7,5,None
CHAR_SELECTED,1675353973515,6,5,None
CHAR_CLICKED,1675353975297,6,None,None
CHAR_SELECTED,1675353976293,5,3,None
CHAR_SELECTED,1675353976391,4,4,None
CHAR_SELECTED,1675353976617,3,4,None
CHAR_CLICKED,1675353977973,3,None,None
CHAR_SELECTED,1675353978778,2,3,None
CHAR_SELECTED,1675353978806,1,3,None
CHAR_SELECTED,1675353978841,ENTER,3,None
CHAR_SELECTED,1675353978884,SPACE,3,None
CHAR_SELECTED,1675353978953,Z,4,None
CHAR_SELECTED,1675353979057,Y,4,None
CHAR_SELECTED,1675353979438,Z,4,None
CHAR_SELECTED,1675353979609,SPACE,4,None
CHAR_CLICKED,1675353980750,SPACE,None,None
CHAR_SELECTED,1675353982030,Z,4,None
CHAR_SELECTED,1675353982080,Y,5,None
CHAR_SELECTED,1675353982139,X,5,None
CHAR_SELECTED,1675353982203,W,5,None
CHAR_SELECTED,1675353982273,V,4,None
CHAR_SELECTED,1675353982363,U,5,None
CHAR_SELECTED,1675353982498,T,5,None
CHAR_SELECTED,1675353982736,S,5,None
CHAR_SELECTED,1675353983004,R,5,None
CHAR_SELECTED,1675353983894,Q,4,None
CHAR_SELECTED,1675353983938,P,4,None
CHAR_SELECTED,1675353984028,O,5,None
CHAR_SELECTED,1675353984131,N,5,None
CHAR_SELECTED,1675353984338,M,5,None
CHAR_SELECTED,1675353984562,L,5,None
CHAR_SELECTED,1675353986299,K,5,None
CHAR_SELECTED,1675353986862,J,5,None
CHAR_SELECTED,1675353991113,K,5,None
CHAR_CLICKED,1675353992858,K,None,None
CHAR_SELECTED,1675353994054,J,4,None
CHAR_SELECTED,1675353994115,I,4,None
CHAR_SELECTED,1675353994299,H,5,None
CHAR_SELECTED,1675353994410,G,5,None
CHAR_SELECTED,1675353995417,H,4,None
CHAR_SELECTED,1675353995453,I,4,None
CHAR_SELECTED,1675353995515,J,4,None
CHAR_SELECTED,1675353995583,K,4,None
CHAR_SELECTED,1675353995644,L,3,None
CHAR_SELECTED,1675353995711,M,4,None
CHAR_SELECTED,1675353996305,N,4,None
CHAR_SELECTED,1675353996748,O,4,None
CHAR_SELECTED,1675353997109,P,4,None
CHAR_SELECTED,1675354001170,O,4,None
CHAR_CLICKED,1675354002580,O,None,None
CHAR_SELECTED,1675354004096,N,4,None
CHAR_SELECTED,1675354004225,M,5,None
CHAR_SELECTED,1675354004794,L,5,None
CHAR_SELECTED,1675354004864,K,5,None
CHAR_SELECTED,1675354004964,J,5,None
CHAR_SELECTED,1675354005066,I,5,None
CHAR_SELECTED,1675354005260,H,5,None
CHAR_SELECTED,1675354005462,G,5,None
CHAR_SELECTED,1675354005701,F,5,None
CHAR_SELECTED,1675354008368,E,5,None
CHAR_CLICKED,1675354010301,E,None,None
CHAR_SELECTED,1675354012619,F,4,None
CHAR_SELECTED,1675354012648,G,4,None
CHAR_SELECTED,1675354012718,H,4,None
CHAR_SELECTED,1675354012777,I,4,None
CHAR_SELECTED,1675354012993,J,4,None
CHAR_SELECTED,1675354013297,K,4,None
CHAR_SELECTED,1675354013477,L,4,None
CHAR_CLICKED,1675354014851,L,None,None
CHAR_SELECTED,1675354016311,M,5,None
CHAR_SELECTED,1675354017082,N,4,None
CHAR_SELECTED,1675354017783,O,4,None
CHAR_SELECTED,1675354018947,N,5,None
CHAR_CLICKED,1675354020461,N,None,None
CHAR_SELECTED,1675354021739,O,4,None
CHAR_SELECTED,1675354021800,P,4,None
CHAR_SELECTED,1675354021835,Q,4,None
CHAR_SELECTED,1675354021898,R,4,None
CHAR_SELECTED,1675354021944,S,4,None
CHAR_SELECTED,1675354022000,T,4,None
CHAR_SELECTED,1675354022071,U,4,None
CHAR_SELECTED,1675354022164,V,4,None
CHAR_SELECTED,1675354022302,W,3,None
CHAR_SELECTED,1675354023152,X,5,None
CHAR_SELECTED,1675354023194,Y,5,None
CHAR_SELECTED,1675354023262,Z,5,None
CHAR_SELECTED,1675354023396,SPACE,5,None
CHAR_SELECTED,1675354025363,ENTER,5,None
CHAR_SELECTED,1675354025863,1,5,None
CHAR_SELECTED,1675354027368,ENTER,5,None
WORD_DONE,1675354028655,None,None,51063 Koeln
WORD_NEXT,1675354028656,None,None,Eminem
CHAR_SELECTED,1675354030432,SPACE,4,None
CHAR_SELECTED,1675354030493,Z,4,None
CHAR_SELECTED,1675354030520,Y,4,None
CHAR_SELECTED,1675354030582,X,4,None
CHAR_SELECTED,1675354030667,W,5,None
CHAR_SELECTED,1675354030737,V,5,None
CHAR_SELECTED,1675354030830,U,5,None
CHAR_SELECTED,1675354030951,T,5,None
CHAR_SELECTED,1675354031095,S,5,None
CHAR_SELECTED,1675354031725,R,3,None
CHAR_SELECTED,1675354031751,Q,4,None
CHAR_SELECTED,1675354031800,P,4,None
CHAR_SELECTED,1675354031816,O,5,None
CHAR_SELECTED,1675354031863,N,5,None
CHAR_SELECTED,1675354031889,M,5,None
CHAR_SELECTED,1675354031917,L,5,None
CHAR_SELECTED,1675354031962,K,5,None
CHAR_SELECTED,1675354032021,J,5,None
CHAR_SELECTED,1675354032428,I,3,None
CHAR_SELECTED,1675354032449,H,4,None
CHAR_SELECTED,1675354032523,G,4,None
CHAR_SELECTED,1675354032627,F,5,None
CHAR_SELECTED,1675354033246,E,5,None
CHAR_CLICKED,1675354034613,E,None,None
CHAR_SELECTED,1675354035817,F,5,None
CHAR_SELECTED,1675354035883,G,5,None
CHAR_SELECTED,1675354035907,H,5,None
CHAR_SELECTED,1675354035979,I,5,None
CHAR_SELECTED,1675354036050,J,4,None
CHAR_SELECTED,1675354036078,K,4,None
CHAR_SELECTED,1675354036147,L,3,None
CHAR_SELECTED,1675354036187,M,3,None
CHAR_SELECTED,1675354036276,N,3,None
CHAR_SELECTED,1675354036342,O,3,None
CHAR_SELECTED,1675354037023,N,4,None
CHAR_SELECTED,1675354037097,M,4,None
CHAR_SELECTED,1675354037953,L,5,None
CHAR_SELECTED,1675354038777,M,4,None
CHAR_CLICKED,1675354040293,M,None,None
CHAR_SELECTED,1675354041838,N,5,None
CHAR_SELECTED,1675354042068,M,5,None
CHAR_SELECTED,1675354042635,L,4,None
CHAR_SELECTED,1675354042666,K,5,None
CHAR_SELECTED,1675354042707,J,5,None
CHAR_SELECTED,1675354042737,I,5,None
CHAR_SELECTED,1675354042811,H,5,None
CHAR_SELECTED,1675354042974,G,5,None
CHAR_SELECTED,1675354043237,H,5,None
CHAR_SELECTED,1675354043399,I,5,None
CHAR_CLICKED,1675354045964,I,None,None
CHAR_SELECTED,1675354051331,J,4,None
CHAR_SELECTED,1675354051688,K,4,None
CHAR_SELECTED,1675354051797,L,4,None
CHAR_SELECTED,1675354051887,M,4,None
CHAR_SELECTED,1675354051995,N,4,None
CHAR_SELECTED,1675354052091,O,2,None
CHAR_SELECTED,1675354052493,N,3,None
CHAR_CLICKED,1675354053818,N,None,None
CHAR_SELECTED,1675354054992,M,4,None
CHAR_SELECTED,1675354055011,L,4,None
CHAR_SELECTED,1675354055053,K,4,None
CHAR_SELECTED,1675354055074,J,4,None
CHAR_SELECTED,1675354055145,I,5,None
CHAR_SELECTED,1675354055282,H,5,None
CHAR_SELECTED,1675354055555,G,4,None
CHAR_SELECTED,1675354055718,F,4,None
CHAR_SELECTED,1675354055909,E,4,None
CHAR_CLICKED,1675354057113,E,None,None
CHAR_SELECTED,1675354059240,F,5,None
CHAR_SELECTED,1675354059304,G,5,None
CHAR_SELECTED,1675354059437,H,4,None
CHAR_SELECTED,1675354059549,I,4,None
CHAR_SELECTED,1675354059614,J,4,None
CHAR_SELECTED,1675354059684,K,4,None
CHAR_SELECTED,1675354060205,L,4,None
CHAR_SELECTED,1675354060509,M,4,None
CHAR_CLICKED,1675354061972,M,None,None
CHAR_SELECTED,1675354063037,N,4,None
CHAR_SELECTED,1675354063106,O,3,None
CHAR_SELECTED,1675354063174,P,2,None
CHAR_SELECTED,1675354063194,Q,2,None
CHAR_SELECTED,1675354063248,R,2,None
CHAR_SELECTED,1675354063266,S,2,None
CHAR_SELECTED,1675354063300,T,2,None
CHAR_SELECTED,1675354063339,U,2,None
CHAR_SELECTED,1675354063366,V,3,None
CHAR_SELECTED,1675354063399,W,2,None
CHAR_SELECTED,1675354063925,X,4,None
CHAR_SELECTED,1675354064007,Y,4,None
CHAR_SELECTED,1675354064080,Z,4,None
CHAR_SELECTED,1675354064202,SPACE,5,None
CHAR_SELECTED,1675354064533,ENTER,3,None
WORD_DONE,1675354065457,None,None,Eminem
WORD_NEXT,1675354065461,None,None,02262 Wiehl
CHAR_SELECTED,1675354067032,SPACE,4,None
CHAR_SELECTED,1675354067056,Z,4,None
CHAR_SELECTED,1675354067103,Y,4,None
CHAR_SELECTED,1675354067124,X,4,None
CHAR_SELECTED,1675354067166,W,4,None
CHAR_SELECTED,1675354067193,V,4,None
CHAR_SELECTED,1675354067255,U,5,None
CHAR_SELECTED,1675354067303,T,5,None
CHAR_SELECTED,1675354067746,S,4,None
CHAR_SELECTED,1675354067789,R,4,None
CHAR_SELECTED,1675354067799,Q,4,None
CHAR_SELECTED,1675354067932,P,5,None
CHAR_SELECTED,1675354067960,O,5,None
CHAR_SELECTED,1675354067989,N,5,None
CHAR_SELECTED,1675354068039,M,5,None
CHAR_SELECTED,1675354068694,N,2,None
CHAR_SELECTED,1675354068720,O,2,None
CHAR_SELECTED,1675354068968,P,4,None
CHAR_SELECTED,1675354068989,Q,4,None
CHAR_SELECTED,1675354069119,R,2,None
CHAR_SELECTED,1675354069176,S,2,None
CHAR_SELECTED,1675354069219,T,2,None
CHAR_SELECTED,1675354069265,U,2,None
CHAR_SELECTED,1675354069286,V,3,None
CHAR_SELECTED,1675354069323,W,3,None
CHAR_SELECTED,1675354069353,X,2,None
CHAR_SELECTED,1675354069996,Y,2,None
CHAR_SELECTED,1675354070018,Z,3,None
CHAR_SELECTED,1675354070735,SPACE,2,None
CHAR_SELECTED,1675354070753,ENTER,2,None
CHAR_SELECTED,1675354071453,1,5,None
CHAR_SELECTED,1675354071565,2,5,None
CHAR_SELECTED,1675354071651,3,4,None
CHAR_SELECTED,1675354071716,4,4,None
CHAR_SELECTED,1675354071816,5,4,None
CHAR_SELECTED,1675354071887,6,4,None
CHAR_SELECTED,1675354071997,7,4,None
CHAR_SELECTED,1675354072052,8,3,None
CHAR_SELECTED,1675354072183,9,3,None
CHAR_SELECTED,1675354072320,0,3,None
CHAR_CLICKED,1675354075296,0,None,None
CHAR_SELECTED,1675354076806,9,4,None
CHAR_SELECTED,1675354076846,8,4,None
CHAR_SELECTED,1675354076881,7,4,None
CHAR_SELECTED,1675354076909,6,4,None
CHAR_SELECTED,1675354076949,5,4,None
CHAR_SELECTED,1675354077042,4,4,None
CHAR_SELECTED,1675354077418,3,5,None
CHAR_SELECTED,1675354077670,2,5,None
CHAR_CLICKED,1675354079288,2,None,None
CHAR_CLICKED,1675354079669,2,None,None
CHAR_SELECTED,1675354081069,3,2,None
CHAR_SELECTED,1675354081141,4,2,None
CHAR_SELECTED,1675354081677,5,4,None
CHAR_SELECTED,1675354081809,6,4,None
CHAR_SELECTED,1675354081934,7,4,None
CHAR_SELECTED,1675354084764,6,4,None
CHAR_CLICKED,1675354086763,6,None,None
CHAR_SELECTED,1675354088087,5,4,None
CHAR_SELECTED,1675354088242,4,4,None
CHAR_SELECTED,1675354088385,3,4,None
CHAR_SELECTED,1675354091236,2,5,None
CHAR_SELECTED,1675354091558,1,4,None
CHAR_SELECTED,1675354094247,2,4,None
CHAR_CLICKED,1675354096349,2,None,None
CHAR_SELECTED,1675354098736,1,4,None
CHAR_SELECTED,1675354098786,ENTER,4,None
CHAR_SELECTED,1675354098833,SPACE,4,None
CHAR_SELECTED,1675354098953,Z,4,None
CHAR_SELECTED,1675354099043,Y,5,None
CHAR_SELECTED,1675354099472,Z,4,None
CHAR_SELECTED,1675354100230,SPACE,4,None
CHAR_CLICKED,1675354101623,SPACE,None,None
CHAR_SELECTED,1675354102748,Z,4,None
CHAR_SELECTED,1675354102841,Y,4,None
CHAR_SELECTED,1675354102938,X,4,None
CHAR_SELECTED,1675354104731,W,5,None
CHAR_CLICKED,1675354106140,W,None,None
CHAR_SELECTED,1675354107458,V,4,None
CHAR_SELECTED,1675354107531,U,4,None
CHAR_SELECTED,1675354107676,T,4,None
CHAR_SELECTED,1675354107729,S,4,None
CHAR_SELECTED,1675354107802,R,4,None
CHAR_SELECTED,1675354107867,Q,5,None
CHAR_SELECTED,1675354107929,P,4,None
CHAR_SELECTED,1675354108029,O,4,None
CHAR_SELECTED,1675354108127,N,4,None
CHAR_SELECTED,1675354108836,M,4,None
CHAR_SELECTED,1675354108857,L,4,None
CHAR_SELECTED,1675354108896,K,4,None
CHAR_SELECTED,1675354108971,J,4,None
CHAR_SELECTED,1675354109790,I,5,None
CHAR_CLICKED,1675354111627,I,None,None
CHAR_SELECTED,1675354112980,H,4,None
CHAR_SELECTED,1675354113163,G,4,None
CHAR_SELECTED,1675354113311,F,4,None
CHAR_SELECTED,1675354113554,E,4,None
CHAR_CLICKED,1675354116479,E,None,None
CHAR_SELECTED,1675354117904,F,4,None
CHAR_SELECTED,1675354118019,G,4,None
CHAR_SELECTED,1675354118084,H,4,None
CHAR_SELECTED,1675354118255,I,4,None
CHAR_SELECTED,1675354119409,H,4,None
CHAR_CLICKED,1675354121732,H,None,None
CHAR_SELECTED,1675354124234,I,4,None
CHAR_SELECTED,1675354124304,J,4,None
CHAR_SELECTED,1675354124358,K,4,None
CHAR_SELECTED,1675354124462,L,4,None
CHAR_CLICKED,1675354125886,L,None,None
CHAR_SELECTED,1675354127539,K,3,None
CHAR_SELECTED,1675354127585,J,4,None
CHAR_SELECTED,1675354127661,I,4,None
CHAR_SELECTED,1675354127698,H,4,None
CHAR_SELECTED,1675354127762,G,4,None
CHAR_SELECTED,1675354127894,F,5,None
CHAR_SELECTED,1675354128123,G,4,None
CHAR_SELECTED,1675354128181,H,4,None
CHAR_SELECTED,1675354128199,I,4,None
CHAR_SELECTED,1675354128217,J,4,None
CHAR_SELECTED,1675354128297,K,3,None
CHAR_SELECTED,1675354128320,L,3,None
CHAR_SELECTED,1675354128387,M,3,None
CHAR_SELECTED,1675354128430,N,2,None
CHAR_SELECTED,1675354128491,O,2,None
CHAR_SELECTED,1675354129027,P,3,None
CHAR_SELECTED,1675354129062,Q,3,None
CHAR_SELECTED,1675354129087,R,3,None
CHAR_SELECTED,1675354129126,S,3,None
CHAR_SELECTED,1675354129197,T,3,None
CHAR_SELECTED,1675354129220,U,2,None
CHAR_SELECTED,1675354129822,V,4,None
CHAR_SELECTED,1675354129860,W,4,None
CHAR_SELECTED,1675354129954,X,4,None
CHAR_SELECTED,1675354130063,Y,3,None
CHAR_SELECTED,1675354130347,Z,3,None
CHAR_SELECTED,1675354130551,SPACE,3,None
CHAR_SELECTED,1675354130687,ENTER,3,None
CHAR_SELECTED,1675354130851,1,2,None
CHAR_SELECTED,1675354131452,ENTER,3,None
WORD_DONE,1675354132794,None,None,02262 Wiehl
TRIAL_END,1675354132795,None,None,None
